EIN_YEAR,Organization Name,EIN,Tax Year,Tax End Date,Location (Zipcode),Federate Campaigns,Membership Dues,Fundraising Events,Related Organizations,Government Grants,All Other Contributions,Noncash Contributions,Total,Philanthropic_Total
952794253_2021,NORTH COUNTY LIFELINE INC DBA LIFELINE COMMUNITY SERVICES,952794253,2021,06-30-2022,92084,0,0,0,0,13405575,451714,223226,13857289,451714
952794253_2020,NORTH COUNTY LIFELINE INC DBA LIFELINE COMMUNITY SERVICES,952794253,2020,06-30-2021,92056,0,0,0,0,13098737,679469,189639,13778206,679469
952794253_2019,NORTH COUNTY LIFELINE INC,952794253,2019,06-30-2020,92056,0,0,0,0,12446965,392396,251569,12839361,392396
952794253_2018,NORTH COUNTY LIFELINE INC,952794253,2018,06-30-2019,92056,0,0,0,0,10496439,353245,235480,10849684,353245
952794253_2017,NORTH COUNTY LIFELINE INC,952794253,2017,06-30-2018,92056,0,0,0,0,9738384,287018,207107,10025402,287018
952794253_2016,NORTH COUNTY LIFELINE INC,952794253,2016,06-30-2017,92056,0,0,0,0,7910489,269310,107107,8179799,269310
952794253_2015,NORTH COUNTY LIFELINE INC,952794253,2015,06-30-2016,92056,0,0,0,0,7008292,156226,71467,7164518,156226
952794253_2014,NORTH COUNTY LIFELINE INC,952794253,2014,06-30-2015,92056,0,0,0,0,6666125,112730,70794,6778855,112730
330602842_2021,THE ASSOCIATION FOR COMMUNITY HOUSING SOLUTIONS,330602842,2021,12-31-2021,92123,0,0,0,0,1659718,27280,0,1686998,27280
330602842_2020,TACHS,330602842,2020,12-31-2020,92123,0,0,0,0,1598008,25316,0,1623324,25316
204374795_2021,JACOBS  CUSHMAN SAN DIEGO FOOD BANK,204374795,2021,06-30-2022,92121,0,0,349596,0,6327592,87887254,58312927,94564442,88236850
204374795_2020,JACOBS  CUSHMAN SAN DIEGO FOOD BANK,204374795,2020,06-30-2021,92121,0,0,251384,0,10838132,113522301,80913471,124611817,113773685
204374795_2019,JACOBS  CUSHMAN SAN DIEGO FOOD BANK,204374795,2019,06-30-2020,92121,0,0,103012,0,5257407,75773240,58281891,81133659,75876252
204374795_2018,JACOBS  CUSHMAN SAN DIEGO FOOD BANK,204374795,2018,06-30-2019,92121,0,0,316076,0,2593934,48722765,41159936,51632775,49038841
204374795_2017,JACOBS  CUSHMAN SAN DIEGO FOOD BANK,204374795,2017,06-30-2018,92121,0,0,191553,0,2106601,41309129,35087496,43607283,41500682
204374795_2016,JACOBS  CUSHMAN SAN DIEGO FOOD BANK,204374795,2016,06-30-2017,92121,0,0,154260,0,1623355,38415684,31883433,40193299,38569944
204374795_2015,JACOBS  CUSHMAN SAN DIEGO FOOD BANK,204374795,2015,06-30-2016,92121,0,0,117922,0,2175671,31097166,25686164,33390759,31215088
204374795_2014,JACOBS  CUSHMAN SAN DIEGO FOOD BANK,204374795,2014,06-30-2015,92121,0,0,143289,0,8567254,24065867,25032864,32776410,24209156
204374795_2013,JACOBS  CUSHMAN SAN DIEGO FOOD BANK,204374795,2013,06-30-2014,0,0,0,131556,0,2230566,30090121,25346991,32452243,30221677
952949636_2020,CATHEDRAL PLAZA DEVELOPMENT CORP CO ROYAL PROPERTY MGMT GROUP INC,952949636,2020,06-30-2021,92127,0,0,0,0,0,158572,0,158572,158572
952949636_2019,CATHEDRAL PLAZA DEVELOPMENT CORP CO ROYAL PROPERTY MGMT GROUP INC,952949636,2019,06-30-2020,92127,0,0,0,0,132432,0,0,132432,0
952949636_2018,CATHEDRAL PLAZA DEVELOPMENT CORP CO ROYAL PROPERTY MGMT GROUP INC,952949636,2018,06-30-2019,92127,0,0,0,0,161530,0,0,161530,0
952949636_2017,CATHEDRAL PLAZA DEVELOPMENT CORP CO ROYAL PROPERTY MGMT GROUP INC,952949636,2017,06-30-2018,92127,0,0,0,0,139382,0,0,139382,0
952949636_2016,CATHEDRAL PLAZA DEVELOPMENT CORP CO ROYAL PROPERTY MGMT GROUP INC,952949636,2016,06-30-2017,92127,0,0,0,0,141447,0,0,141447,0
952949636_2015,CATHEDRAL PLAZA DEVELOPMENT CORP CO ROYAL PROPERTY MGMT GROUP INC,952949636,2015,06-30-2016,92127,0,0,0,0,320264,0,0,320264,0
952949636_2014,CATHEDRAL PLAZA DEVELOPMENT CORP CO ROYAL PROPERTY MGMT GROUP INC,952949636,2014,06-30-2015,92127,0,0,0,0,433182,0,0,433182,0
953750738_2020,CALEXICO PLAZA DEVELOPMENT CORP,953750738,2020,09-30-2021,92127,0,0,0,0,0,0,0,0,0
953750738_2019,CALEXICO PLAZA DEVELOPMENT CORP,953750738,2019,09-30-2020,92127,0,0,0,0,0,0,0,0,0
953750738_2018,CALEXICO PLAZA DEVELOPMENT CORP,953750738,2018,09-30-2019,92127,0,0,0,0,54330,0,0,54330,0
953750738_2017,CALEXICO PLAZA DEVELOPMENT CORP,953750738,2017,09-30-2018,92127,0,0,0,0,56517,0,0,56517,0
953750738_2016,CALEXICO PLAZA DEVELOPMENT CORP,953750738,2016,09-30-2017,92127,0,0,0,0,55911,0,0,55911,0
953750738_2015,CALEXICO PLAZA DEVELOPMENT CORP,953750738,2015,09-30-2016,92127,0,0,0,0,56788,0,0,56788,0
953750738_2014,CALEXICO PLAZA DEVELOPMENT CORP,953750738,2014,09-30-2015,92127,0,0,0,0,55336,0,0,55336,0
953782164_2020,SOUTHERN INDIAN HEALTH COUNCIL,953782164,2020,09-30-2021,91901,0,0,0,0,19406720,120824,59013,19527544,120824
953782164_2019,SOUTHERN INDIAN HEALTH COUNCIL,953782164,2019,09-30-2020,91901,0,0,0,0,15329504,54763,54763,15384267,54763
953782164_2018,SOUTHERN INDIAN HEALTH COUNCIL,953782164,2018,09-30-2019,91901,0,0,0,0,12821614,171201,44396,12992815,171201
953782164_2017,SOUTHERN INDIAN HEALTH COUNCIL,953782164,2017,09-30-2018,91901,0,0,0,0,12039956,227741,42532,12267697,227741
953782164_2016,SOUTHERN INDIAN HEALTH COUNCIL,953782164,2016,09-30-2017,91901,0,0,0,0,11237004,378725,39036,11615729,378725
953782164_2015,SOUTHERN INDIAN HEALTH COUNCIL,953782164,2015,09-30-2016,91901,0,0,0,0,10326684,926092,96307,11252776,926092
953782164_2014,SOUTHERN INDIAN HEALTH COUNCIL INC,953782164,2014,09-30-2015,91901,0,0,0,0,10459020,638433,123626,11097453,638433
953782164_2013,SOUTHERN INDIAN HEALTH COUNCIL INC,953782164,2013,09-30-2014,0,0,0,0,0,9395777,145941,97417,9541718,145941
951874073_2021,SAN DIEGO RESCUE MISSION INC,951874073,2021,09-30-2022,92138,0,0,155764,0,0,26121296,8271604,26277060,26277060
951874073_2020,SAN DIEGO RESCUE MISSION INC,951874073,2020,09-30-2021,92138,0,0,142855,0,0,21978558,10039786,22121413,22121413
951874073_2019,SAN DIEGO RESCUE MISSION INC,951874073,2019,09-30-2020,92138,0,0,50825,0,0,16540608,7454894,16591433,16591433
951874073_2018,SAN DIEGO RESCUE MISSION INC,951874073,2018,09-30-2019,92138,0,0,297819,0,0,16921789,8637829,17219608,17219608
951874073_2017,SAN DIEGO RESCUE MISSION INC,951874073,2017,09-30-2018,92138,0,0,0,0,0,17095088,9929227,17095088,17095088
951874073_2016,SAN DIEGO RESCUE MISSION INC,951874073,2016,09-30-2017,92138,0,0,305400,0,0,16740241,10289900,17045641,17045641
951874073_2015,SAN DIEGO RESCUE MISSION INC,951874073,2015,09-30-2016,92138,0,0,0,0,0,15535669,9304663,15535669,15535669
951874073_2014,SAN DIEGO RESCUE MISSION INC,951874073,2014,09-30-2015,92138,0,0,0,0,0,16740258,10231347,16740258,16740258
951874073_2013,SAN DIEGO RESCUE MISSION INC,951874073,2013,09-30-2014,0,0,0,0,0,0,19597062,9632204,19597062,19597062
942358632_2021,WALDEN ENVIRONMENT DBA WALDEN FAMILY SERVICES,942358632,2021,06-30-2022,92123,0,0,366680,0,16561736,1186451,10000,18114867,1553131
942358632_2020,WALDEN ENVIRONMENT DBA WALDEN FAMILY SERVICES,942358632,2020,06-30-2021,92123,0,0,0,0,17100546,833046,3100,17933592,833046
942358632_2019,WALDEN ENVIRONMENT INC DBA WALDEN FAMILY SERVICES,942358632,2019,06-30-2020,92123,0,0,1071693,0,16055428,658669,35545,17785790,1730362
942358632_2018,WALDEN ENVIRONMENT INC DBA WALDEN FAMILY SERVICES,942358632,2018,12-31-2018,92123,0,0,1007674,0,13353015,441793,681176,14802482,1449467
942358632_2017,WALDEN ENVIRONMENT INC DBA WALDEN FAMILY SERVICES,942358632,2017,12-31-2017,92123,0,0,0,0,0,252500,0,252500,252500
942358632_2016,WALDEN ENVIRONMENT INC DBA WALDEN FAMILY SERVICES,942358632,2016,12-31-2016,92123,0,0,0,0,0,433600,1200,433600,433600
942358632_2015,WALDEN ENVIRONMENT INC DBA WALDEN FAMILY SERVICES,942358632,2015,12-31-2015,92123,0,0,0,0,0,203057,4040,203057,203057
942358632_2014,WALDEN ENVIRONMENT INC DBA WALDEN FAMILY SERVICES,942358632,2014,12-31-2014,92120,0,0,0,0,0,216481,811,216481,216481
942358632_2013,WALDEN ENVIRONMENT INC DBA WALDEN FAMILY SERVICES,942358632,2013,12-31-2013,0,0,0,0,0,0,101535,0,101535,101535
821946283_2021,SDHC BUILDING OPPORTUNITIES INC,821946283,2021,06-30-2022,92101,0,0,0,0,0,353094,0,353094,353094
821946283_2020,SDHC BUILDING OPPORTUNITIES INC,821946283,2020,06-30-2021,92101,0,0,0,0,0,116000,0,116000,116000
821946283_2019,SDHC BUILDING OPPORTUNITIES INC,821946283,2019,06-30-2020,92101,0,0,0,0,0,366114,0,366114,366114
237279074_2021,UNION OF PAN ASIAN COMMUNITIES,237279074,2021,06-30-2022,92102,170,0,44349,0,0,595309,53487,639828,639828
237279074_2020,UNION OF PAN ASIAN COMMUNITIES,237279074,2020,06-30-2021,92102,216,0,77662,0,33272,524550,0,635700,602428
237279074_2019,UNION OF PAN ASIAN COMMUNITIES,237279074,2019,06-30-2020,92102,56,0,0,0,0,561746,0,561802,561802
237279074_2018,UNION OF PAN ASIAN COMMUNITIES,237279074,2018,06-30-2019,92102,387,0,134109,0,0,299784,0,434280,434280
237279074_2017,UNION OF PAN ASIAN COMMUNITIES,237279074,2017,06-30-2018,92102,219,0,123225,0,0,443582,0,567026,567026
237279074_2016,UNION OF PAN ASIAN COMMUNITIES,237279074,2016,06-30-2017,92102,777,0,118088,0,0,378054,0,496919,496919
237279074_2015,UNION OF PAN ASIAN COMMUNITIES,237279074,2015,06-30-2016,92102,1083,0,120006,0,0,282200,0,403289,403289
237279074_2014,UNION OF PAN ASIAN COMMUNITIES,237279074,2014,06-30-2015,92102,752,0,108729,0,0,254538,0,364019,364019
237279074_2013,UNION OF PAN ASIAN COMMUNITIES,237279074,2013,06-30-2014,0,3256,0,0,0,0,301674,0,304930,304930
331029843_2021,INFO LINE OF SAN DIEGO COUNTY,331029843,2021,06-30-2022,92142,0,0,344110,0,0,813456,0,1157566,1157566
331029843_2020,INFO LINE OF SAN DIEGO COUNTY,331029843,2020,06-30-2021,92142,179534,0,457183,0,0,402785,0,1039502,1039502
331029843_2019,INFO LINE OF SAN DIEGO COUNTY,331029843,2019,06-30-2020,92142,67806,0,167628,0,0,585432,0,820866,820866
331029843_2018,INFO LINE OF SAN DIEGO COUNTY,331029843,2018,06-30-2019,92142,5422,0,0,0,0,1437951,0,1443373,1443373
331029843_2017,INFO LINE OF SAN DIEGO COUNTY,331029843,2017,06-30-2018,92123,68432,0,0,0,0,1291416,0,1359848,1359848
331029843_2016,INFO LINE OF SAN DIEGO COUNTY,331029843,2016,06-30-2017,92123,61836,0,0,0,0,797617,0,859453,859453
331029843_2015,INFO LINE OF SAN DIEGO COUNTY,331029843,2015,06-30-2016,92123,0,0,148000,0,0,1442396,20500,1590396,1590396
331029843_2014,INFO LINE OF SAN DIEGO COUNTY,331029843,2014,06-30-2015,92123,0,0,147250,0,0,565250,2675,712500,712500
331029843_2013,INFO LINE OF SAN DIEGO COUNTY,331029843,2013,06-30-2014,0,0,0,285459,0,0,1426616,14603,1712075,1712075
330210280_2022,UPLIFT,330210280,2022,12-31-2022,92102,0,0,215764,0,0,225374,0,441138,441138
330210280_2021,UPLIFT,330210280,2021,12-31-2021,92102,0,0,53708,0,0,192522,30000,246230,246230
330210280_2019,UPLIFT,330210280,2019,12-31-2019,92102,0,0,52847,0,0,188329,0,241176,241176
953031682_2020,ABLEDISABLED ADVOCACY INC,953031682,2020,09-30-2021,92105,0,0,0,0,1945475,284250,220883,2229725,284250
953031682_2019,ABLEDISABLED ADVOCACY INC,953031682,2019,09-30-2020,92105,0,0,0,0,2019536,488151,404620,2507687,488151
953031682_2018,ABLEDISABLED ADVOCACY INC,953031682,2018,09-30-2019,92105,0,0,0,0,1962090,377739,237256,2339829,377739
953031682_2017,ABLEDISABLED ADVOCACY INC,953031682,2017,09-30-2018,92105,0,0,0,0,1996303,141338,49843,2137641,141338
953031682_2016,ABLEDISABLED ADVOCACY INC,953031682,2016,09-30-2017,92105,0,0,0,0,0,2076118,0,2076118,2076118
953031682_2015,ABLEDISABLED ADVOCACY INC,953031682,2015,09-30-2016,92105,0,0,0,0,1677760,16974,0,1694734,16974
953031682_2014,ABLEDISABLED ADVOCACY INC,953031682,2014,09-30-2015,92105,0,0,0,0,1698955,350076,0,2049031,350076
953031682_2013,ABLEDISABLED ADVOCACY INC,953031682,2013,09-30-2014,0,0,0,0,0,1662856,304412,0,1967268,304412
952457354_2021,METROPOLITAN AREA ADVISORY COMMITTEE ON ANTIPOVERTY OF SAN DIEGO COUNTY IN,952457354,2021,12-31-2021,91911,0,0,0,0,44408141,3256460,2136983,47664601,3256460
952457354_2020,METROPOLITAN AREA ADVISORY COMMITTEE ON ANTIPOVERTY OF SAN DIEGO COUNTY IN,952457354,2020,12-31-2020,91911,0,0,0,0,35941636,3522954,2632688,39464590,3522954
952457354_2019,METROPOLITAN AREA ADVISORY COMMITTEE ON ANTIPOVERTY OF SAN DIEGO COUNTY IN,952457354,2019,12-31-2019,91911,0,0,204555,0,35487026,2434789,2298104,38126370,2639344
952457354_2018,METROPOLITAN AREA ADVISORY COMMITTEE ON ANTIPOVERTY OF SAN DIEGO COUNTY IN,952457354,2018,12-31-2018,91911,0,0,35000,0,29811044,2412572,1869374,32258616,2447572
952457354_2017,METROPOLITAN AREA ADVISORY COMMITTEE ON ANTIPOVERTY OF SAN DIEGO COUNTY IN,952457354,2017,12-31-2017,91911,0,0,36800,0,27582015,2269306,2049541,29888121,2306106
952457354_2016,METROPOLITAN AREA ADVISORY COMMITTEE ON ANTIPOVERTY OF SAN DIEGO COUNTY IN,952457354,2016,12-31-2016,91911,0,0,16800,0,28532127,2003551,1738321,30552478,2020351
952457354_2015,METROPOLITAN AREA ADVISORY COMMITTEE ON ANTIPOVERTY OF SAN DIEGO COUNTY IN,952457354,2015,12-31-2015,91911,0,0,125830,0,28333254,925726,893295,29384810,1051556
952457354_2013,METROPOLITAN AREA ADVISORY COMMITTEE ON ANTIPOVERTY OF SAN DIEGO COUNTY INC,952457354,2013,12-31-2013,0,0,0,0,0,0,254541,0,254541,254541
330433314_2021,NATIONAL CONFLICT RESOLUTION CENTER,330433314,2021,06-30-2022,92101,0,0,521275,0,598626,970523,142849,2090424,1491798
330433314_2020,NATIONAL CONFLICT RESOLUTION CENTER,330433314,2020,06-30-2021,92101,0,0,1200,0,462250,2067172,15150,2530622,2068372
330433314_2019,NATIONAL CONFLICT RESOLUTION CENTER,330433314,2019,06-30-2020,92101,0,0,0,0,1178817,986074,0,2164891,986074
330217339_2021,CRISIS HOUSE,330217339,2021,06-30-2022,92071,0,0,0,0,2812646,0,74537,2812646,0
330217339_2020,CRISIS HOUSE,330217339,2020,06-30-2021,92071,0,0,0,0,1923024,491981,49511,2415005,491981
330217339_2019,CRISIS HOUSE,330217339,2019,06-30-2020,92020,0,0,0,0,1933389,437262,74525,2370651,437262
330217339_2018,CRISIS HOUSE,330217339,2018,06-30-2019,92020,0,0,10770,0,1424698,512193,118107,1947661,522963
330217339_2017,CRISIS HOUSE,330217339,2017,06-30-2018,92020,0,0,0,0,1433825,346726,183702,1780551,346726
330217339_2016,CRISIS HOUSE,330217339,2016,06-30-2017,92020,0,0,0,0,802795,342525,189186,1145320,342525
330217339_2015,CRISIS HOUSE,330217339,2015,06-30-2016,92020,0,0,0,0,756702,273265,169610,1029967,273265
330217339_2014,CRISIS HOUSE,330217339,2014,06-30-2015,92020,0,0,0,0,761869,273527,164026,1035396,273527
330217339_2013,CRISIS HOUSE,330217339,2013,06-30-2014,0,0,0,0,0,789054,207241,151705,996295,207241
952833205_2021,FAMILY HEALTH CENTERS OF SAN DIEGO INC,952833205,2021,06-30-2022,92102,0,0,0,0,59753670,14436348,4374735,74190018,14436348
952833205_2020,FAMILY HEALTH CENTERS OF SAN DIEGO INC,952833205,2020,06-30-2021,92102,0,0,0,0,49070786,7643862,766795,56714648,7643862
952833205_2019,FAMILY HEALTH CENTERS OF SAN DIEGO INC,952833205,2019,06-30-2020,92102,0,0,127428,0,42826769,7746205,0,50700402,7873633
952833205_2018,FAMILY HEALTH CENTERS OF SAN DIEGO INC,952833205,2018,06-30-2019,92102,0,0,112377,0,35981688,4781811,0,40875876,4894188
952833205_2017,FAMILY HEALTH CENTERS OF SAN DIEGO INC,952833205,2017,06-30-2018,92102,0,0,122474,0,35785124,4490939,0,40398537,4613413
952833205_2016,FAMILY HEALTH CENTERS OF SAN DIEGO INC,952833205,2016,06-30-2017,92102,0,0,117163,0,37189601,1889004,0,39195768,2006167
952833205_2015,FAMILY HEALTH CENTERS OF SAN DIEGO INC,952833205,2015,06-30-2016,92102,0,0,109028,0,31709294,2030508,206,33848830,2139536
952833205_2014,FAMILY HEALTH CENTERS OF SAN DIEGO INC,952833205,2014,06-30-2015,92102,0,0,62739,0,30863316,1834695,0,32760750,1897434
952833205_2013,FAMILY HEALTH CENTERS OF SAN DIEGO INC,952833205,2013,06-30-2014,0,0,0,180418,0,33396379,2425663,2425663,36002460,2606081
330623634_2021,TOWNSPEOPLE,330623634,2021,12-31-2021,92104,0,0,0,0,1404789,301693,0,1706482,301693
330623634_2020,TOWNSPEOPLE,330623634,2020,12-31-2020,92103,0,0,0,0,1222446,118579,0,1341025,118579
330623634_2019,TOWNSPEOPLE,330623634,2019,12-31-2019,92103,0,0,0,0,1043179,25747,0,1068926,25747
330623634_2018,TOWNSPEOPLE,330623634,2018,12-31-2018,92103,0,0,0,0,830118,128187,0,958305,128187
330623634_2017,TOWNSPEOPLE,330623634,2017,12-31-2017,92103,0,0,0,0,685289,18984,3430,704273,18984
330623634_2016,TOWNSPEOPLE,330623634,2016,12-31-2016,92103,0,0,0,0,732642,14274,0,746916,14274
330623634_2015,TOWNSPEOPLE,330623634,2015,12-31-2015,92103,0,0,0,0,450427,16277,0,466704,16277
330623634_2014,TOWNSPEOPLE,330623634,2014,12-31-2014,92103,0,0,0,0,326207,44853,0,371060,44853
330623634_2013,TOWNSPEOPLE,330623634,2013,12-31-2013,0,0,0,0,0,595951,35474,0,631425,35474
330497515_2021,LAS PALMAS FOUNDATION,330497515,2021,12-31-2021,92024,0,0,0,0,0,0,0,0,0
330497515_2020,LAS PALMAS FOUNDATION,330497515,2020,12-31-2020,92024,0,0,0,0,0,0,0,0,0
330497515_2019,LAS PALMAS FOUNDATION,330497515,2019,12-31-2019,92024,0,0,0,0,0,600,0,600,600
330497515_2018,LAS PALMAS FOUNDATION,330497515,2018,12-31-2018,92024,0,0,0,0,0,300,0,300,300
330497515_2017,LAS PALMAS FOUNDATION,330497515,2017,12-31-2017,92024,0,0,0,0,0,550,0,550,550
330497515_2016,LAS PALMAS FOUNDATION,330497515,2016,12-31-2016,92024,0,0,0,0,0,0,0,0,0
330497515_2015,LAS PALMAS FOUNDATION,330497515,2015,12-31-2015,92024,0,0,0,0,149000,0,0,149000,0
330497515_2014,LAS PALMAS FOUNDATION,330497515,2014,12-31-2014,92024,0,0,0,0,47171,0,0,47171,0
330497515_2013,LAS PALMAS FOUNDATION,330497515,2013,12-31-2013,0,0,0,0,0,357902,0,0,357902,0
273390797_2020,SOMALI BANTU ASSOCIATION OF AMERICA,273390797,2020,06-30-2021,92105,0,0,0,0,293380,374295,5000,667675,374295
273390797_2019,SOMALI BANTU ASSOCIATION OF AMERICA,273390797,2019,06-30-2020,92105,0,0,0,0,402438,233989,463,636427,233989
273390797_2018,SOMALI BANTU ASSOCIATION OF AMERICA,273390797,2018,06-30-2019,92105,0,0,0,0,252176,221576,1000,473752,221576
273390797_2017,SOMALI BANTU ASSOCIATION OF AMERICA,273390797,2017,06-30-2018,92105,0,0,0,0,0,393129,15488,393129,393129
330317950_2021,COMMUNITY HOUSING WORKS,330317950,2021,12-31-2021,92108,0,0,0,1275925,2407658,1487867,0,5171450,2763792
330317950_2020,COMMUNITY HOUSING WORKS,330317950,2020,12-31-2020,92108,0,0,0,3252996,1628956,1364328,0,6246280,4617324
330317950_2019,COMMUNITY HOUSING WORKS,330317950,2019,12-31-2019,92108,0,0,0,2915400,1426417,944973,0,5286790,3860373
330317950_2018,COMMUNITY HOUSING WORKS,330317950,2018,12-31-2018,92108,0,0,0,0,5739760,988317,0,6728077,988317
330317950_2017,COMMUNITY HOUSING WORKS,330317950,2017,12-31-2017,92108,0,0,201036,0,847813,557296,0,1606145,758332
330317950_2016,COMMUNITY HOUSING WORKS,330317950,2016,12-31-2016,92108,0,0,178333,0,910318,501953,0,1590604,680286
330317950_2015,COMMUNITY HOUSING WORKS,330317950,2015,12-31-2015,92108,0,0,0,0,2257896,1355637,0,3613533,1355637
330317950_2014,COMMUNITY HOUSING WORKS,330317950,2014,12-31-2014,92108,0,0,0,0,0,2127522,0,2127522,2127522
330317950_2013,COMMUNITY HOUSING WORKS,330317950,2013,12-31-2013,0,0,0,0,0,0,3077285,0,3077285,3077285
465055513_2021,URBAN STREET ANGELS INC,465055513,2021,12-31-2021,92101,0,0,0,0,3099056,482512,0,3581568,482512
465055513_2020,URBAN STREET ANGELS INC,465055513,2020,12-31-2020,92101,0,0,0,0,2397198,225223,0,2622421,225223
465055513_2019,URBAN STREET ANGELS INC,465055513,2019,12-31-2019,92101,0,0,0,0,1597401,414072,0,2011473,414072
465055513_2018,URBAN STREET ANGELS INC,465055513,2018,12-31-2018,92101,0,0,24381,0,713895,112174,0,850450,136555
951729734_2020,DOWNTOWN SAN DIEGO PARTNERSHIP INC,951729734,2020,06-30-2021,92101,0,0,327489,0,0,32833,22000,360322,360322
951729734_2019,DOWNTOWN SAN DIEGO PARTNERSHIP INC,951729734,2019,06-30-2020,92101,0,0,581885,0,0,15000,0,596885,596885
951729734_2018,DOWNTOWN SAN DIEGO PARTNERSHIP INC,951729734,2018,06-30-2019,92101,0,0,569952,0,0,0,0,569952,569952
951729734_2017,DOWNTOWN SAN DIEGO PARTNERSHIP INC,951729734,2017,06-30-2018,92101,0,0,548869,0,0,0,0,548869,548869
951729734_2016,DOWNTOWN SAN DIEGO PARTNERSHIP INC,951729734,2016,06-30-2017,92101,0,618896,591403,0,0,0,0,1210299,1210299
951729734_2015,DOWNTOWN SAN DIEGO PARTNERSHIP INC,951729734,2015,06-30-2016,92101,0,581296,0,0,0,133760,0,715056,715056
951729734_2014,DOWNTOWN SAN DIEGO PARTNERSHIP INC,951729734,2014,06-30-2015,92101,0,596043,0,0,0,0,0,596043,596043
951729734_2013,DOWNTOWN SAN DIEGO PARTNERSHIP INC,951729734,2013,06-30-2014,0,0,530544,0,0,0,0,0,530544,530544
113723093_2020,REGIONAL TASK FORCE ON THE HOMELESS,113723093,2020,06-30-2021,92123,0,0,0,0,17841834,183535,0,18025369,183535
113723093_2019,REGIONAL TASK FORCE ON THE HOMELESS,113723093,2019,06-30-2020,92123,0,0,0,0,9344677,182239,0,9526916,182239
113723093_2018,REGIONAL TASK FORCE ON THE HOMELESS,113723093,2018,06-30-2019,92123,0,0,0,0,2505451,865020,0,3370471,865020
113723093_2017,REGIONAL TASK FORCE ON THE HOMELESS,113723093,2017,06-30-2018,92123,0,0,0,0,2021667,738875,0,2760542,738875
113723093_2016,REGIONAL TASK FORCE ON THE HOMELESS,113723093,2016,06-30-2017,92123,0,6677,0,0,1922156,65214,0,1994047,71891
113723093_2015,REGIONAL TASK FORCE ON THE HOMELESS,113723093,2015,06-30-2016,92123,0,0,0,0,1110060,47330,0,1157390,47330
113723093_2014,REGIONAL TASK FORCE ON THE HOMELESS INC,113723093,2014,06-30-2015,92123,0,0,0,0,991765,94796,0,1086561,94796
270865318_2021,EAST COUNTY TRANSITIONAL LIVING CENTER INC,270865318,2021,12-31-2021,92021,0,0,0,0,0,4219724,3264414,4219724,4219724
270865318_2020,EAST COUNTY TRANSITIONAL LIVING CENTER INC,270865318,2020,12-31-2020,92021,0,0,0,0,0,3247868,2243641,3247868,3247868
270865318_2019,EAST COUNTY TRANSITIONAL LIVING CENTER INC,270865318,2019,12-31-2019,92021,0,0,0,0,0,1616436,1140751,1616436,1616436
270865318_2018,EAST COUNTY TRANSITIONAL LIVING CENTER INC,270865318,2018,12-31-2018,92021,0,0,0,0,0,2215373,1511646,2215373,2215373
270865318_2017,EAST COUNTY TRANSITIONAL LIVING CENTER INC,270865318,2017,12-31-2017,92021,0,0,0,0,80004,1549664,905744,1629668,1549664
270865318_2016,EAST COUNTY TRANSITIONAL LIVING CENTER INC,270865318,2016,12-31-2016,92021,0,0,0,0,164573,692054,580726,856627,692054
270865318_2015,EAST COUNTY TRANSITIONAL LIVING CENTER INC,270865318,2015,12-31-2015,92021,0,0,0,0,77030,633257,412106,710287,633257
270865318_2014,EAST COUNTY TRANSITIONAL LIVING CENTER INC,270865318,2014,12-31-2014,92021,0,0,0,0,0,205197,75,205197,205197
270865318_2013,EAST COUNTY TRANSITIONAL LIVING CENTER INC,270865318,2013,12-31-2013,0,0,0,0,0,140946,668090,563555,809036,668090
272917644_2021,KAREN ORGANIZATION OF SAN DIEGO,272917644,2021,12-31-2021,92105,0,0,0,0,298246,670453,0,968699,670453
272917644_2020,KAREN ORGANIZATION OF SAN DIEGO,272917644,2020,12-31-2020,92105,0,0,0,0,123825,384902,0,508727,384902
272917644_2019,KAREN ORGANIZATION OF SAN DIEGO,272917644,2019,12-31-2019,92105,0,0,0,0,0,169503,0,169503,169503
272917644_2018,KAREN ORGANIZATION OF SAN DIEGO,272917644,2018,12-31-2018,92105,0,0,0,0,0,188071,0,188071,188071
272917644_2017,KAREN ORGANIZATION OF SAN DIEGO,272917644,2017,12-31-2017,92105,0,0,2888,0,0,132638,0,135526,135526
272917644_2016,KAREN ORGANIZATION OF SAN DIEGO,272917644,2016,12-31-2016,92105,0,0,0,0,0,139470,0,139470,139470
272917644_2015,KAREN ORGANIZATION OF SAN DIEGO,272917644,2015,12-31-2015,92105,0,0,0,0,0,103388,0,103388,103388
952877102_2021,OLIVE CREST,952877102,2021,06-30-2022,92705,0,0,1748370,0,30839048,10756763,1593022,43344181,12505133
952877102_2020,OLIVE CREST,952877102,2020,06-30-2021,92705,0,0,1059264,0,23230878,7369758,1305317,31659900,8429022
952877102_2019,OLIVE CREST,952877102,2019,06-30-2020,92705,0,0,869676,0,24484051,6938204,1041307,32291931,7807880
952877102_2018,OLIVE CREST,952877102,2018,06-30-2019,92705,4000,0,678924,0,23349562,7598041,1550404,31630527,8280965
952877102_2017,OLIVE CREST,952877102,2017,06-30-2018,92705,96,0,605500,0,16321385,7943754,1400071,24870735,8549350
952877102_2016,OLIVE CREST,952877102,2016,06-30-2017,92705,10864,0,966205,0,15660595,4203032,1888999,20840696,5180101
952877102_2015,OLIVE CREST,952877102,2015,06-30-2016,92705,17333,0,797844,0,15325148,5054602,1772273,21194927,5869779
952877102_2014,OLIVE CREST,952877102,2014,06-30-2015,92705,67625,0,1129690,0,16073654,3965729,2100567,21236698,5163044
952877102_2013,OLIVE CREST,952877102,2013,06-30-2014,0,76600,0,383135,0,15050240,3736113,1293855,19246088,4195848
330553621_2021,THE SALVATION ARMY SAN DIEGO RESIDENCES INC,330553621,2021,09-30-2022,90275,0,0,0,0,754793,0,0,754793,0
330553621_2020,THE SALVATION ARMY SAN DIEGO RESIDENCES INC,330553621,2020,09-30-2021,90275,0,0,0,0,784501,0,0,784501,0
330553621_2019,THE SALVATION ARMY SAN DIEGO RESIDENCES INC,330553621,2019,09-30-2020,90275,0,0,0,0,786788,0,0,786788,0
330553621_2018,THE SALVATION ARMY SAN DIEGO RESIDENCES INC,330553621,2018,09-30-2019,90275,0,0,0,0,745913,0,0,745913,0
330553621_2017,THE SALVATION ARMY SAN DIEGO RESIDENCES INC,330553621,2017,09-30-2018,90275,0,0,0,0,712870,0,0,712870,0
330553621_2016,THE SALVATION ARMY SAN DIEGO RESIDENCES INC,330553621,2016,09-30-2017,90802,0,0,0,0,665873,0,0,665873,0
330553621_2015,THE SALVATION ARMY SAN DIEGO RESIDENCES INC,330553621,2015,09-30-2016,90802,0,0,0,0,621388,0,0,621388,0
953244085_2021,NEW ALTERNATIVES INC,953244085,2021,12-31-2021,92163,0,0,0,0,0,205330,0,205330,205330
953244085_2020,NEW ALTERNATIVES INC,953244085,2020,12-31-2020,92163,0,0,0,0,0,138850,0,138850,138850
953244085_2019,NEW ALTERNATIVESINC,953244085,2019,12-31-2019,92163,0,0,0,0,0,291658,0,291658,291658
953244085_2018,NEW ALTERNATIVESINC,953244085,2018,12-31-2018,92163,0,0,0,0,0,390047,0,390047,390047
953244085_2017,NEW ALTERNATIVESINC,953244085,2017,12-31-2017,92163,0,0,0,0,29308,741356,0,770664,741356
953244085_2016,NEW ALTERNATIVESINC,953244085,2016,12-31-2016,92163,0,0,0,0,0,274792,0,274792,274792
953244085_2015,NEW ALTERNATIVESINC,953244085,2015,12-31-2015,92163,0,0,0,0,0,467092,0,467092,467092
953244085_2014,NEW ALTERNATIVESINC,953244085,2014,12-31-2014,92163,0,0,0,0,0,347574,22000,347574,347574
953244085_2013,NEW ALTERNATIVESINC,953244085,2013,12-31-2013,0,0,0,0,0,0,414625,0,414625,414625
951869806_2021,LEGAL AID SOCIETY OF SAN DIEGO,951869806,2021,06-30-2022,92114,1540,0,0,0,20005029,372324,6675,20378893,373864
951869806_2020,LEGAL AID SOCIETY OF SAN DIEGO,951869806,2020,06-30-2021,92114,2330,0,0,0,16520044,2875583,0,19397957,2877913
951869806_2019,LEGAL AID SOCIETY OF SAN DIEGO,951869806,2019,06-30-2020,92114,1859,0,0,0,14166199,2669644,0,16837702,2671503
951869806_2018,LEGAL AID SOCIETY OF SAN DIEGO,951869806,2018,06-30-2019,92114,3151,0,0,0,13243289,3568421,0,16814861,3571572
951869806_2017,LEGAL AID SOCIETY OF SAN DIEGO,951869806,2017,06-30-2018,92114,3609,0,15000,0,12367467,3883995,0,16270071,3902604
951869806_2016,LEGAL AID SOCIETY OF SAN DIEGO,951869806,2016,06-30-2017,92114,1677,0,10000,0,12558042,4108352,19250,16678071,4120029
951869806_2015,LEGAL AID SOCIETY OF SAN DIEGO,951869806,2015,06-30-2016,92114,2336,0,0,0,13495410,5125303,9234,18623049,5127639
951869806_2014,LEGAL AID SOCIETY OF SAN DIEGO,951869806,2014,06-30-2015,92114,3514,0,0,0,12988512,3613017,0,16605043,3616531
951869806_2013,LEGAL AID SOCIETY OF SAN DIEGO,951869806,2013,06-30-2014,0,4012,0,0,0,10148597,3759271,0,13911880,3763283
941676390_2021,CALIFORNIA INDIAN LEGAL SERVICES INC,941676390,2021,12-31-2021,95814,0,0,0,0,2186940,161051,0,2347991,161051
941676390_2020,CALIFORNIA INDIAN LEGAL SERVICES INC,941676390,2020,12-31-2020,92025,0,0,0,0,2026456,18802,0,2045258,18802
953315571_2021,CASA DE AMPARO,953315571,2021,06-30-2022,92069,0,0,583861,0,7481645,2820702,242271,10886208,3404563
953315571_2020,CASA DE AMPARO,953315571,2020,06-30-2021,92069,0,0,330639,0,8632004,4259264,541051,13221907,4589903
953315571_2019,CASA DE AMPARO,953315571,2019,06-30-2020,92069,0,0,128260,0,8253706,1511144,229425,9893110,1639404
953315571_2018,CASA DE AMPARO,953315571,2018,06-30-2019,92069,0,0,119380,0,402566,1441065,319577,1963011,1560445
953315571_2017,CASA DE AMPARO,953315571,2017,06-30-2018,92069,1924,0,14888,0,5669765,1737039,408738,7423616,1753851
953315571_2016,CASA DE AMPARO,953315571,2016,06-30-2017,92069,11487,0,225830,0,222038,3348922,486662,3808277,3586239
953315571_2015,CASA DE AMPARO,953315571,2015,06-30-2016,92069,14662,0,337599,0,191203,2208953,424543,2752417,2561214
953315571_2014,CASA DE AMPARO,953315571,2014,06-30-2015,92069,21271,0,406648,0,0,1819359,526420,2247278,2247278
953315571_2013,CASA DE AMPARO,953315571,2013,06-30-2014,0,19803,0,352886,0,0,1568835,376849,1941524,1941524
330618893_2018,ESCONDIDO GARDENS HOUSING FOUNDATION,330618893,2018,12-31-2018,92127,0,0,0,0,59823,0,0,59823,0
330618893_2017,ESCONDIDO GARDENS HOUSING FOUNDATION,330618893,2017,12-31-2017,92127,0,0,0,0,59524,0,0,59524,0
330618893_2016,ESCONDIDO GARDENS HOUSING FOUNDATION,330618893,2016,12-31-2016,92127,0,0,0,0,58030,0,0,58030,0
330618893_2015,ESCONDIDO GARDENS HOUSING FOUNDATION,330618893,2015,12-31-2015,92127,0,0,0,0,56783,0,0,56783,0
330618893_2014,ESCONDIDO GARDENS HOUSING FOUNDATION,330618893,2014,12-31-2014,92127,0,0,0,0,55753,0,0,55753,0
952039198_2021,YMCA OF SAN DIEGO COUNTY,952039198,2021,06-30-2022,92123,0,0,111000,162000,122845000,8442000,517000,131560000,8715000
952039198_2020,YMCA OF SAN DIEGO COUNTY,952039198,2020,06-30-2021,92123,0,0,0,0,131804000,37728000,2305000,169532000,37728000
952039198_2019,YMCA OF SAN DIEGO COUNTY,952039198,2019,06-30-2020,92123,0,0,0,0,103823000,20816000,0,124639000,20816000
952039198_2018,YMCA OF SAN DIEGO COUNTY,952039198,2018,06-30-2019,92123,0,0,0,0,92115000,11971000,440000,104086000,11971000
952039198_2017,YMCA OF SAN DIEGO COUNTY,952039198,2017,06-30-2018,92123,0,0,0,0,79369000,15066000,0,94435000,15066000
952039198_2016,YMCA OF SAN DIEGO COUNTY,952039198,2016,06-30-2017,92123,0,0,0,0,66857000,16797000,1985000,83654000,16797000
952039198_2015,YMCA OF SAN DIEGO COUNTY,952039198,2015,06-30-2016,92123,0,0,0,0,59368000,15803000,0,75171000,15803000
952039198_2014,YMCA OF SAN DIEGO COUNTY,952039198,2014,06-30-2015,92123,0,0,0,0,52614000,12983000,731000,65597000,12983000
952039198_2013,YMCA OF SAN DIEGO COUNTY,952039198,2013,06-30-2014,0,0,0,22645000,0,45948000,0,7030000,68593000,22645000
330006089_2021,DEAF COMMUNITY SERVICES OF SAN DIEGO INC,330006089,2021,06-30-2022,92108,1801,0,0,0,1870912,70092,0,1942805,71893
330006089_2020,DEAF COMMUNITY SERVICES OF SAN DIEGO INC,330006089,2020,06-30-2021,92108,1980,0,0,0,1942352,134573,0,2078905,136553
330006089_2019,DEAF COMMUNITY SERVICES OF SAN DIEGO INC,330006089,2019,06-30-2020,92108,2787,0,0,0,2656426,144693,0,2803906,147480
330006089_2018,DEAF COMMUNITY SERVICES OF SAN DIEGO INC,330006089,2018,06-30-2019,92108,3178,0,34205,0,2111657,165828,0,2314868,203211
330006089_2017,DEAF COMMUNITY SERVICES OF SAN DIEGO INC,330006089,2017,06-30-2018,92108,2240,0,0,0,1438267,124495,0,1565002,126735
953248148_2021,COMMUNITY RESEARCH FOUNDATION INC,953248148,2021,06-30-2022,92110,0,0,0,0,74600506,24498,0,74625004,24498
953248148_2020,COMMUNITY RESEARCH FOUNDATION INC,953248148,2020,06-30-2021,92110,0,0,0,0,73708400,74747,0,73783147,74747
953248148_2019,COMMUNITY RESEARCH FOUNDATION INC,953248148,2019,06-30-2020,92110,0,0,0,0,75268724,49776,0,75318500,49776
953248148_2018,COMMUNITY RESEARCH FOUNDATION INC,953248148,2018,06-30-2019,92110,0,0,0,0,67698783,40892,0,67739675,40892
953248148_2017,COMMUNITY RESEARCH FOUNDATION INC,953248148,2017,06-30-2018,92110,0,0,0,0,60139803,45233,0,60185036,45233
953248148_2016,COMMUNITY RESEARCH FOUNDATION INC,953248148,2016,06-30-2017,92110,0,0,0,0,53517314,36320,0,53553634,36320
953248148_2015,COMMUNITY RESEARCH FOUNDATION INC,953248148,2015,06-30-2016,92110,0,0,0,0,47272420,23961,0,47296381,23961
953248148_2014,COMMUNITY RESEARCH FOUNDATION INC,953248148,2014,06-30-2015,92110,0,0,0,0,42669457,25407,0,42694864,25407
953248148_2013,COMMUNITY RESEARCH FOUNDATION INC,953248148,2013,06-30-2014,0,0,0,0,0,0,24777,0,24777,24777
953837714_2021,INTERFAITH COMMUNITY SERVICES INC,953837714,2021,06-30-2022,92025,0,0,0,0,1841932,7012518,686697,8854450,7012518
953837714_2020,INTERFAITH COMMUNITY SERVICES INC,953837714,2020,06-30-2021,92025,0,0,0,0,0,8230080,609510,8230080,8230080
953837714_2019,INTERFAITH COMMUNITY SERVICES INC,953837714,2019,06-30-2020,92025,371,0,0,0,0,7188385,840491,7188756,7188756
953837714_2018,INTERFAITH COMMUNITY SERVICES INC,953837714,2018,06-30-2019,92025,7874,0,0,0,0,4659335,931132,4667209,4667209
953837714_2017,INTERFAITH COMMUNITY SERVICES INC,953837714,2017,06-30-2018,92025,2794,0,0,0,0,6715132,859409,6717926,6717926
953837714_2016,INTERFAITH COMMUNITY SERVICES INC,953837714,2016,06-30-2017,92025,2721,0,0,0,0,8376642,790662,8379363,8379363
953837714_2015,INTERFAITH COMMUNITY SERVICES INC,953837714,2015,06-30-2016,92025,2401,0,0,0,0,4366929,635553,4369330,4369330
953837714_2014,INTERFAITH COMMUNITY SERVICES INC,953837714,2014,06-30-2015,92025,3029,0,0,0,0,4472449,665579,4475478,4475478
953837714_2013,INTERFAITH COMMUNITY SERVICES INC,953837714,2013,06-30-2014,0,6806,0,0,0,0,3613283,887487,3620089,3620089
330492304_2021,SVDP MANAGEMENT INC,330492304,2021,12-31-2021,921023332,0,0,0,0,1563590,6337890,5901007,7901480,6337890
330492304_2020,SVDP MANAGEMENT INC,330492304,2020,12-31-2020,921023332,0,0,0,0,4472823,5016886,4787018,9489709,5016886
330492304_2019,SVDP MANAGEMENT INC,330492304,2019,12-31-2019,921023332,0,0,0,0,578517,15544341,5811788,16122858,15544341
330492304_2018,SVDP MANAGEMENT INC,330492304,2018,12-31-2018,921023332,0,0,0,0,102020,2137155,2067214,2239175,2137155
330492304_2017,SVDP MANAGEMENT INC,330492304,2017,12-31-2017,921023332,0,0,0,0,279676,6295355,5923230,6575031,6295355
330492304_2016,SVDP MANAGEMENT INC,330492304,2016,12-31-2016,921023332,0,0,0,0,242055,2887758,2649029,3129813,2887758
330492304_2015,SVDP MANAGEMENT INC,330492304,2015,12-31-2015,921023332,0,0,0,0,560794,2189344,2070609,2750138,2189344
330492304_2014,SVDP MANAGEMENT INC,330492304,2014,12-31-2014,921023332,0,0,0,0,53414,4343339,3008521,4396753,4343339
330492304_2013,SVDP MANAGEMENT INC,330492304,2013,12-31-2013,0,0,0,0,0,31775,3870896,3306989,3902671,3870896
330352148_2021,URBAN CORPS OF SAN DIEGO COUNTY,330352148,2021,06-30-2022,92138,0,0,0,157000,1981922,2149303,0,4288225,2306303
330352148_2020,URBAN CORPS OF SAN DIEGO COUNTY,330352148,2020,06-30-2021,92138,0,0,0,130000,1958200,59307,0,2147507,189307
330352148_2019,URBAN CORPS OF SAN DIEGO COUNTY,330352148,2019,06-30-2020,92138,0,0,0,90000,1262411,926461,0,2278872,1016461
330352148_2018,URBAN CORPS OF SAN DIEGO COUNTY,330352148,2018,06-30-2019,92138,0,0,0,126000,533845,222315,0,882160,348315
330352148_2017,URBAN CORPS OF SAN DIEGO COUNTY,330352148,2017,06-30-2018,92138,0,0,0,129490,582820,139711,0,852021,269201
330352148_2016,URBAN CORPS OF SAN DIEGO COUNTY,330352148,2016,06-30-2017,921380156,0,0,0,0,416078,76090,3900,492168,76090
330352148_2015,URBAN CORPS OF SAN DIEGO COUNTY,330352148,2015,06-30-2016,921380156,0,0,0,0,597550,188256,0,785806,188256
330352148_2014,URBAN CORPS OF SAN DIEGO COUNTY,330352148,2014,06-30-2015,921380156,0,0,60500,0,56744,226704,0,343948,287204
330352148_2013,URBAN CORPS OF SAN DIEGO COUNTY,330352148,2013,06-30-2014,0,0,0,0,0,50000,207117,50000,257117,207117
953798088_2021,GUADALUPE PLAZA DEVELOPMENT CORPORATION,953798088,2021,12-31-2021,92127,0,0,0,0,21822,0,0,21822,0
953798088_2020,GUADALUPE PLAZA DEVELOPMENT CORPORATION,953798088,2020,12-31-2020,92127,0,0,0,0,46247,0,0,46247,0
953798088_2019,GUADALUPE PLAZA DEVELOPMENT CORPORATION,953798088,2019,12-31-2019,92127,0,0,0,0,60562,0,0,60562,0
953798088_2018,GUADALUPE PLAZA DEVELOPMENT CORPORATION,953798088,2018,12-31-2018,92127,0,0,0,0,77704,0,0,77704,0
953798088_2017,GUADALUPE PLAZA DEVELOPMENT CORPORATION,953798088,2017,12-31-2017,92127,0,0,0,0,64454,0,0,64454,0
953798088_2016,GUADALUPE PLAZA DEVELOPMENT CORPORATION,953798088,2016,12-31-2016,92127,0,0,0,0,61998,0,0,61998,0
953798088_2015,GUADALUPE PLAZA DEVELOPMENT CORPORATION,953798088,2015,12-31-2015,92127,0,0,0,0,72019,0,0,72019,0
952850121_2021,SERVING SENIORS,952850121,2021,06-30-2022,92101,0,0,129000,0,8663919,3595528,0,12388447,3724528
952850121_2020,SERVING SENIORS,952850121,2020,06-30-2021,92101,0,0,250845,0,10529880,2712201,0,13492926,2963046
952850121_2019,SERVING SENIORS,952850121,2019,06-30-2020,92101,0,0,53970,0,5623675,3947673,0,9625318,4001643
952850121_2018,SERVING SENIORS,952850121,2018,06-30-2019,92101,0,0,161620,0,4078668,2248135,124834,6488423,2409755
952850121_2017,SERVING SENIORS,952850121,2017,06-30-2018,92101,0,0,101071,0,3298204,1739118,236047,5138393,1840189
952850121_2014,SERVING SENIORS,952850121,2014,06-30-2015,92101,0,0,0,0,3260642,1926705,565000,5187347,1926705
953302967_2021,MENTAL HEALTH SYSTEMS INC,953302967,2021,06-30-2022,92123,0,0,0,0,93554678,271291,0,93825969,271291
953302967_2020,MENTAL HEALTH SYSTEMS INC,953302967,2020,06-30-2021,92123,0,0,0,0,98611907,25197,0,98637104,25197
953302967_2019,MENTAL HEALTH SYSTEMS INC,953302967,2019,06-30-2020,92123,0,0,0,0,90049407,32870,0,90082277,32870
953302967_2018,MENTAL HEALTH SYSTEMS INC,953302967,2018,06-30-2019,92123,0,0,0,0,71062143,77961,0,71140104,77961
953302967_2017,MENTAL HEALTH SYSTEMS INC,953302967,2017,06-30-2018,92123,0,0,0,0,61935444,79120,0,62014564,79120
953302967_2016,MENTAL HEALTH SYSTEMS INC,953302967,2016,06-30-2017,92123,0,0,0,0,62030562,78628,0,62109190,78628
953302967_2015,MENTAL HEALTH SYSTEMS INC,953302967,2015,06-30-2016,92123,0,0,0,0,67248615,281825,0,67530440,281825
953302967_2014,MENTAL HEALTH SYSTEMS INC,953302967,2014,06-30-2015,92123,0,0,0,0,72132439,267385,0,72399824,267385
953302967_2013,MENTAL HEALTH SYSTEMS INC,953302967,2013,06-30-2014,0,0,0,30637,0,0,109691,0,140328,140328
311750839_2020,BREAD OF LIFE RESCUE MISSION,311750839,2020,07-31-2021,38557,0,0,0,0,42794,258346,0,301140,258346
311750839_2019,BREAD OF LIFE RESCUE MISSION,311750839,2019,07-31-2020,38557,0,0,0,0,0,285706,0,285706,285706
311750839_2018,BREAD OF LIFE RESCUE MISSION,311750839,2018,07-31-2019,38557,0,0,0,0,0,300810,9720,300810,300810
311750839_2017,BREAD OF LIFE RESCUE MISSION,311750839,2017,07-31-2018,38557,0,0,0,0,0,315897,0,315897,315897
311750839_2016,BREAD OF LIFE RESCUE MISSION,311750839,2016,07-31-2017,38557,0,0,0,0,0,487088,0,487088,487088
311750839_2015,BREAD OF LIFE RESCUE MISSION,311750839,2015,07-31-2016,38557,0,0,0,0,0,338629,0,338629,338629
311750839_2014,BREAD OF LIFE RESCUE MISSION,311750839,2014,07-31-2015,38557,0,0,0,0,0,429101,20000,429101,429101
311750839_2013,BREAD OF LIFE RESCUE MISSION,311750839,2013,07-31-2014,0,0,0,0,0,0,356509,0,356509,356509
952111196_2020,ST PAULS EPISCOPAL HOME INC,952111196,2020,08-31-2021,92103,0,0,0,460593,1014136,2605006,15000,4079735,3065599
952111196_2019,ST PAULS EPISCOPAL HOME INC,952111196,2019,08-31-2020,92103,0,0,0,120352,2116459,937706,0,3174517,1058058
952111196_2018,ST PAULS EPISCOPAL HOME INC,952111196,2018,08-31-2019,92103,0,0,0,175050,5330,1620000,0,1800380,1795050
952111196_2017,ST PAULS EPISCOPAL HOME INC,952111196,2017,08-31-2018,92103,0,0,0,277177,0,263586,0,540763,540763
952111196_2016,ST PAULS EPISCOPAL HOME INC,952111196,2016,08-31-2017,92103,0,0,0,1683986,0,1718750,0,3402736,3402736
952111196_2014,ST PAULS EPISCOPAL HOME INC,952111196,2014,08-31-2015,921036522,0,0,0,503809,83178,0,0,586987,503809
952111196_2013,ST PAULS EPISCOPAL HOME INC,952111196,2013,08-31-2014,0,0,0,0,0,0,2001843,0,2001843,2001843
571214920_2021,OPERATION HOPE NORTH COUNTY INCORPORATED,571214920,2021,06-30-2022,92084,0,0,0,0,391086,481445,0,872531,481445
571214920_2020,OPERATION HOPE NORTH COUNTY INCORPORATED,571214920,2020,06-30-2021,92084,0,0,0,0,422615,692114,0,1114729,692114
571214920_2019,OPERATION HOPE NORTH COUNTY INCORPORATED,571214920,2019,06-30-2020,92084,0,0,0,0,124333,1028389,0,1152722,1028389
571214920_2017,OPERATION HOPE  VISTA INCORPORATED,571214920,2017,06-30-2018,92084,0,0,0,0,75417,539143,100296,614560,539143
571214920_2016,OPERATION HOPE  VISTA INCORPORATED,571214920,2016,06-30-2017,92084,0,0,20689,0,54430,267403,0,342522,288092
952422704_2021,ACCESS INC,952422704,2021,06-30-2022,92111,0,0,0,0,2333269,400608,0,2733877,400608
952422704_2020,ACCESS INC,952422704,2020,06-30-2021,92111,0,0,0,0,2479269,346767,0,2826036,346767
952422704_2019,ACCESS,952422704,2019,06-30-2020,92111,0,0,0,0,3237974,54220,0,3292194,54220
952422704_2018,ACCESS INC,952422704,2018,06-30-2019,92111,0,0,0,0,3128388,155665,0,3284053,155665
952422704_2017,ACCESS INC,952422704,2017,06-30-2018,92111,0,0,0,0,2983795,229551,0,3213346,229551
952422704_2016,ACCESS INC,952422704,2016,06-30-2017,92111,0,0,0,0,3075472,205477,0,3280949,205477
952422704_2015,ACCESS INC,952422704,2015,06-30-2016,92111,0,0,0,0,2146844,142987,0,2289831,142987
952422704_2014,ACCESS INC,952422704,2014,06-30-2015,92111,0,0,0,0,1945811,158587,0,2104398,158587
952422704_2013,ACCESS INC,952422704,2013,06-30-2014,0,0,0,0,0,1846857,11901,0,1858758,11901
953368020_2021,KIKU GARDENS INC,953368020,2021,06-30-2022,91911,0,0,0,0,0,1600,0,1600,1600
953368020_2020,KIKU GARDENS INC,953368020,2020,06-30-2021,91911,0,0,0,0,0,500,0,500,500
953368020_2019,KIKU GARDENS INC,953368020,2019,06-30-2020,91911,0,0,0,0,0,1375,0,1375,1375
953368020_2018,KIKU GARDENS INC,953368020,2018,06-30-2019,91911,0,0,0,0,0,4500,0,4500,4500
953368020_2017,KIKU GARDENS INC,953368020,2017,06-30-2018,91911,0,0,0,0,0,1301200,0,1301200,1301200
953368020_2016,KIKU GARDENS INC,953368020,2016,06-30-2017,91911,0,0,0,0,0,0,0,0,0
953368020_2015,KIKU GARDENS INC,953368020,2015,06-30-2016,91911,0,0,1125,0,0,160,0,1285,1285
953368020_2014,KIKU GARDENS INC,953368020,2014,06-30-2015,91911,0,0,0,0,0,0,0,0,0
952880426_2021,ELDERHELP OF SAN DIEGO,952880426,2021,06-30-2022,92123,0,0,105366,0,451724,791373,10245,1348463,896739
952880426_2020,ELDERHELP OF SAN DIEGO,952880426,2020,06-30-2021,92123,0,0,109324,0,574130,1219917,37648,1903371,1329241
952880426_2019,ELDERHELP OF SAN DIEGO,952880426,2019,06-30-2020,92123,0,0,51009,0,318368,1075276,34594,1444653,1126285
952880426_2018,ELDERHELP OF SAN DIEGO,952880426,2018,06-30-2019,92123,0,0,53375,0,313363,762231,37263,1128969,815606
952880426_2016,ELDERHELP OF SAN DIEGO,952880426,2016,06-30-2017,92123,0,0,42430,0,357117,1052228,0,1451775,1094658
952880426_2015,ELDERHELP OF SAN DIEGO,952880426,2015,06-30-2016,92123,0,0,40155,0,345108,916212,0,1301475,956367
952880426_2014,ELDERHELP OF SAN DIEGO INC,952880426,2014,06-30-2015,92120,0,0,26324,0,262646,721974,0,1010944,748298
952880426_2013,ELDERHELP OF SAN DIEGO INC,952880426,2013,06-30-2014,0,0,0,41574,0,260872,591028,1890,893474,632602
237161267_2021,SOUTHERN CALIFORNIA TRIBAL CHAIRMENS ASSOCIATION,237161267,2021,03-31-2022,92082,0,0,0,0,19481149,5513833,142150,24994982,5513833
237161267_2020,SOUTHERN CALIFORNIA TRIBAL CHAIRMENS ASSOCIATION,237161267,2020,03-31-2021,92082,0,0,0,0,15254349,4040759,83169,19295108,4040759
237161267_2019,SOUTHERN CALIFORNIA TRIBAL CHAIRMENS ASSOCIATION,237161267,2019,03-31-2020,92082,0,0,0,0,16187588,3801316,109457,19988904,3801316
237161267_2018,SOUTHERN CALIFORNIA TRIBAL CHAIRMENS ASSOCIATION,237161267,2018,03-31-2019,92082,0,0,0,0,15031002,3433623,159069,18464625,3433623
237161267_2017,SOUTHERN CALIFORNIA TRIBAL CHAIRMENS ASSOCIATION,237161267,2017,03-31-2018,92082,0,0,0,0,14642740,3301262,142164,17944002,3301262
237161267_2016,SOUTHERN CALIFORNIA TRIBAL CHAIRMENS ASSOCIATION,237161267,2016,03-31-2017,92082,0,0,0,0,14998644,2860730,138656,17859374,2860730
237161267_2015,SOUTHERN CALIFORNIA TRIBAL CHAIRMENS ASSOCIATION,237161267,2015,03-31-2016,92082,0,0,0,0,15121712,2746407,137017,17868119,2746407
237161267_2014,SOUTHERN CALIFORNIA TRIBAL CHAIRMENS ASSOCIATION,237161267,2014,03-31-2015,92082,0,0,0,0,14582040,2690773,136381,17272813,2690773
237161267_2013,SOUTHERN CALIFORNIA TRIBAL CHAIRMENS ASSOCIATION,237161267,2013,03-31-2014,0,0,0,0,0,14784217,2782242,136516,17566459,2782242
331146733_2022,THINK DIGNITY,331146733,2022,12-31-2022,92104,0,0,63722,0,213571,256658,19922,533951,320380
331146733_2021,THINK DIGNITY,331146733,2021,12-31-2021,92104,0,0,45695,0,189346,273056,63404,508097,318751
331146733_2020,THINK DIGNITY,331146733,2020,12-31-2020,92104,0,0,0,0,217312,305452,37406,522764,305452
331146733_2019,THINK DIGNITY,331146733,2019,12-31-2019,92104,0,0,48628,0,129001,125440,43807,303069,174068
331146733_2018,THINK DIGNITY,331146733,2018,12-31-2018,92104,0,0,33682,0,114747,324226,25426,472655,357908
331146733_2017,THINK DIGNITY,331146733,2017,12-31-2017,92104,0,4925,15100,0,106172,255771,0,381968,275796
331146733_2016,THINK DIGNITY,331146733,2016,12-31-2016,92104,0,3445,20231,0,121084,114551,11272,259311,138227
331146733_2014,GIRLS THINK TANK,331146733,2014,12-31-2014,92101,0,8885,0,0,0,94368,0,103253,103253
822363154_2021,VOICES OF OUR CITY CHOIR INC,822363154,2021,12-31-2021,92112,0,0,0,0,98522,524278,17583,622800,524278
822363154_2020,VOICES OF OUR CITY CHOIR INC,822363154,2020,12-31-2020,92112,0,0,0,0,70500,330590,0,401090,330590
822363154_2019,VOICES OF OUR CITY CHOIR INC,822363154,2019,12-31-2019,92112,0,0,0,0,0,237154,0,237154,237154
270447059_2021,DREAMS FOR CHANGE INC,270447059,2021,12-31-2021,92176,0,0,0,0,845519,229074,0,1074593,229074
270447059_2020,DREAMS FOR CHANGE INC,270447059,2020,12-31-2020,92176,0,0,0,0,717584,434903,0,1152487,434903
270447059_2019,DREAMS FOR CHANGE,270447059,2019,12-31-2019,92176,0,0,0,0,600504,421536,0,1022040,421536
270447059_2018,DREAMS FOR CHANGE,270447059,2018,12-31-2018,92176,0,0,0,0,345041,492397,0,837438,492397
270447059_2017,DREAMS FOR CHANGE,270447059,2017,12-31-2017,92176,0,0,0,0,13723,589875,0,603598,589875
270447059_2016,DREAMS FOR CHANGE,270447059,2016,12-31-2016,92176,0,0,0,0,0,367905,0,367905,367905
270447059_2015,DREAMS FOR CHANGE,270447059,2015,12-31-2015,92176,0,0,0,0,0,363988,0,363988,363988
270447059_2014,DREAMS FOR CHANGE,270447059,2014,12-31-2014,92176,0,0,0,0,0,206298,0,206298,206298
270447059_2013,DREAMS FOR CHANGE,270447059,2013,12-31-2013,0,0,0,0,0,23051,82706,0,105757,82706
330553704_2021,SAN DIEGO EAST COUNTY CHAMBER FDN,330553704,2021,06-30-2022,92020,0,0,0,0,0,9025,0,9025,9025
330553704_2020,SAN DIEGO EAST COUNTY CHAMBER FDN,330553704,2020,06-30-2021,92020,0,0,0,0,0,26081,0,26081,26081
330553704_2019,SAN DIEGO EAST COUNTY CHAMBER FDN,330553704,2019,06-30-2020,92020,0,0,0,0,7000,270323,0,277323,270323
951644024_2020,JEWISH FAMILY SERVICE OF SAN DIEGO,951644024,2020,06-30-2021,92123,0,0,72703,7303371,21236898,13159624,247272,41772596,20535698
951644024_2019,JEWISH FAMILY SERVICE OF SAN DIEGO,951644024,2019,06-30-2020,92123,0,0,8530,2200000,16665713,12516117,122210,31390360,14724647
951644024_2018,JEWISH FAMILY SERVICE OF SAN DIEGO,951644024,2018,06-30-2019,92123,0,0,382685,2042808,11727667,15812839,126480,29965999,18238332
951644024_2017,JEWISH FAMILY SERVICE OF SAN DIEGO,951644024,2017,06-30-2018,92123,0,0,291286,1531126,7074276,7917964,286966,16814652,9740376
951644024_2016,JEWISH FAMILY SERVICE OF SAN DIEGO,951644024,2016,06-30-2017,92123,158030,0,223371,100000,8064950,7980152,118276,16526503,8461553
951644024_2015,JEWISH FAMILY SERVICE OF SAN DIEGO,951644024,2015,06-30-2016,92123,0,0,88548,70000,7628861,6851622,149927,14639031,7010170
951644024_2014,JEWISH FAMILY SERVICE OF SAN DIEGO,951644024,2014,06-30-2015,92123,0,0,249428,50000,7072121,6723581,175948,14095130,7023009
951644024_2013,JEWISH FAMILY SERVICE OF SAN DIEGO,951644024,2013,06-30-2014,0,0,0,131648,1159200,6741356,7313739,140200,15345943,8604587
237334012_2020,CATHOLIC CHARITIES DIOCESE OF SAN DIEGO,237334012,2020,06-30-2021,92112,9190,0,0,0,11606920,4238141,0,15854251,4247331
237334012_2019,CATHOLIC CHARITIES DIOCESE OF SAN DIEGO,237334012,2019,06-30-2020,92112,21301,0,0,0,7876775,2735170,0,10633246,2756471
237334012_2018,CATHOLIC CHARITIES DIOCESE OF SAN DIEGO,237334012,2018,06-30-2019,92112,50794,0,5748,0,7519954,2379161,0,9955657,2435703
237334012_2017,CATHOLIC CHARITIES DIOCESE OF SAN DIEGO,237334012,2017,06-30-2018,92112,91200,0,28745,0,0,2116667,0,2236612,2236612
237334012_2016,CATHOLIC CHARITIES DIOCESE OF SAN DIEGO,237334012,2016,06-30-2017,92112,77085,0,53000,0,0,1952123,0,2082208,2082208
237334012_2015,CATHOLIC CHARITIES DIOCESE OF SAN DIEGO,237334012,2015,06-30-2016,92101,121494,0,57035,0,0,2955261,0,3133790,3133790
237334012_2014,CATHOLIC CHARITIES DIOCESE OF SAN DIEGO,237334012,2014,06-30-2015,92101,120174,0,143749,0,0,1755127,0,2019050,2019050
237334012_2013,CATHOLIC CHARITIES DIOCESE OF SAN DIEGO,237334012,2013,06-30-2014,0,116799,0,196830,0,0,1845723,0,2159352,2159352
261712580_2022,EQUALITY ALLIANCE OF SAN DIEGO,261712580,2022,12-31-2022,92112,0,0,0,0,0,7171594,0,7171594,7171594
261712580_2021,EQUALITY ALLIANCE OF SAN DIEGO,261712580,2021,12-31-2021,92112,0,0,72165,0,0,4616925,0,4689090,4689090
261712580_2020,EQUALITY ALLIANCE OF SAN DIEGO COUNTY,261712580,2020,12-31-2020,92112,0,5050,0,0,242800,4179440,0,4427290,4184490
261712580_2019,EQUALITY ALLIANCE OF SAN DIEGO COUNTY,261712580,2019,12-31-2019,92112,0,9365,0,0,0,1800844,0,1810209,1810209
261712580_2018,EQUALITY ALLIANCE OF SAN DIEGO COUNTY,261712580,2018,12-31-2018,92112,0,9375,0,0,0,2631980,0,2641355,2641355
261712580_2017,EQUALITY ALLIANCE OF SAN DIEGO COUNTY,261712580,2017,12-31-2017,92112,0,0,0,0,0,1624468,0,1624468,1624468
261712580_2016,EQUALITY ALLIANCE OF SAN DIEGO COUNTY,261712580,2016,12-31-2016,92112,0,0,0,0,0,2424704,0,2424704,2424704
261712580_2015,EQUALITY ALLIANCE OF SAN DIEGO COUNTY,261712580,2015,12-31-2015,92112,0,0,0,0,0,1236342,0,1236342,1236342
261712580_2014,EQUALITY ALLIANCE OF SAN DIEGO COUNTY,261712580,2014,12-31-2014,92112,0,0,0,0,0,1558845,0,1558845,1558845
261712580_2013,EQUALITY ALLIANCE OF SAN DIEGO COUNTY,261712580,2013,12-31-2013,0,0,4050,0,0,0,1294766,0,1298816,1298816
562613191_2021,STRONG HEARTED NATIVE WOMENS COALITION INC,562613191,2021,06-30-2022,92082,0,0,0,0,1434028,236674,0,1670702,236674
562613191_2020,STRONG HEARTED NATIVE WOMENS COALITION INC,562613191,2020,06-30-2021,92082,0,0,0,0,1025846,45625,0,1071471,45625
562613191_2019,STRONG HEARTED NATIVE WOMENS COALITION INC,562613191,2019,06-30-2020,92082,0,0,0,0,921567,26017,0,947584,26017
562613191_2018,STRONG HEARTED NATIVE WOMENS COALITION INC,562613191,2018,06-30-2019,92082,0,0,0,0,876189,3574,0,879763,3574
562613191_2017,STRONG HEARTED NATIVE WOMENS COALITION INC,562613191,2017,06-30-2018,92082,0,0,0,0,799422,7109,0,806531,7109
330902617_2021,SOLUTIONS FOR CHANGE INC,330902617,2021,12-31-2021,92083,0,0,344910,0,578971,2752293,20111,3676174,3097203
330902617_2020,SOLUTIONS FOR CHANGE INC,330902617,2020,12-31-2020,92083,0,0,10100,0,398625,2433828,0,2842553,2443928
330902617_2019,SOLUTIONS FOR CHANGE INC,330902617,2019,12-31-2019,92083,0,0,155775,0,75000,1513911,95223,1744686,1669686
330902617_2018,SOLUTIONS FOR CHANGE INC,330902617,2018,12-31-2018,92083,0,0,250677,0,200000,2319654,144589,2770331,2570331
330902617_2017,SOLUTIONS FOR CHANGE INC,330902617,2017,12-31-2017,92083,0,0,33059,0,300000,1503790,0,1836849,1536849
330902617_2016,SOLUTIONS FOR CHANGE INC,330902617,2016,12-31-2016,92083,0,0,163539,0,0,1694851,14192,1858390,1858390
330902617_2015,SOLUTIONS FOR CHANGE INC,330902617,2015,12-31-2015,92083,0,0,649293,0,0,1231933,133368,1881226,1881226
330902617_2014,SOLUTIONS FOR CHANGE INC,330902617,2014,12-31-2014,92083,0,0,737190,0,0,1407551,116236,2144741,2144741
953950196_2021,PATH,953950196,2021,06-30-2022,90004,0,0,2021876,0,102856183,12424824,3290463,117302883,14446700
953950196_2020,PATH,953950196,2020,06-30-2021,90004,0,0,2014718,0,90762040,8823906,2984796,101600664,10838624
953950196_2019,PEOPLE ASSISTING THE HOMELESS PATH,953950196,2019,06-30-2020,90004,0,0,1396211,0,65986770,8928718,2559870,76311699,10324929
953950196_2018,PATH PEOPLE ASSISTING THE HOMELESS,953950196,2018,06-30-2019,90004,0,0,1610529,0,31146536,6280302,2590243,39037367,7890831
953950196_2017,PEOPLE ASSISTING THE HOMELESS PATH,953950196,2017,06-30-2018,90004,0,0,1365374,0,27838533,6808261,0,36012168,8173635
953950196_2016,PEOPLE ASSISTING THE HOMELESS PATH,953950196,2016,06-30-2017,90004,0,0,814730,0,24298231,5011062,0,30124023,5825792
953950196_2015,PEOPLE ASSISTING THE HOMELESS PATH,953950196,2015,06-30-2016,90004,0,0,1093424,0,24266426,8493506,0,33853356,9586930
953950196_2014,PEOPLE ASSISTING THE HOMELESS PATH,953950196,2014,06-30-2015,90004,0,0,797711,0,15034116,6112616,0,21944443,6910327
953950196_2013,PEOPLE ASSISTING THE HOMELESS PATH,953950196,2013,06-30-2014,0,0,0,890986,0,10971394,3267436,0,15129816,4158422
263405689_2021,GENERATEHOPE INC,263405689,2021,12-31-2021,92108,0,0,159532,0,321341,2444340,61751,2925213,2603872
263405689_2020,GENERATEHOPE INC,263405689,2020,12-31-2020,92108,0,0,133830,0,60934,1162044,76861,1356808,1295874
263405689_2019,GENERATEHOPE INC,263405689,2019,12-31-2019,92108,0,0,190000,0,61264,871044,53273,1122308,1061044
263405689_2018,GENERATEHOPE INC,263405689,2018,12-31-2018,92108,0,0,204598,0,65995,1195492,317578,1466085,1400090
263405689_2017,GENERATEHOPE INC,263405689,2017,12-31-2017,92108,0,0,139870,0,83947,705417,149318,929234,845287
263405689_2016,GENERATEHOPE INC,263405689,2016,12-31-2016,92108,0,0,0,0,52000,971973,736500,1023973,971973
263405689_2015,GENERATEHOPE INC,263405689,2015,12-31-2015,92108,0,0,12315,0,153154,559739,0,725208,572054
263405689_2014,GENERATEHOPE INC,263405689,2014,12-31-2014,92108,0,0,0,0,100000,227478,0,327478,227478
263405689_2013,GENERATEHOPE INC,263405689,2013,12-31-2013,0,0,0,0,0,100000,179228,0,279228,179228
952157559_2021,PATHFINDERS OF SAN DIEGO,952157559,2021,06-30-2022,92104,0,0,0,0,1752444,86334,0,1838778,86334
952157559_2020,PATHFINDERS OF SAN DIEGO,952157559,2020,06-30-2021,92104,0,0,0,0,1582762,49186,0,1631948,49186
952157559_2019,PATHFINDERS OF SAN DIEGO,952157559,2019,06-30-2020,92104,0,0,0,0,1191318,5658,0,1196976,5658
952157559_2018,PATHFINDERS OF SAN DIEGO,952157559,2018,06-30-2019,92104,0,0,0,0,1174540,88694,0,1263234,88694
952157559_2017,PATHFINDERS OF SAN DIEGO,952157559,2017,06-30-2018,92104,0,0,0,0,544103,44220,0,588323,44220
952157559_2016,PATHFINDERS OF SAN DIEGO,952157559,2016,06-30-2017,92104,0,0,0,0,460914,165917,0,626831,165917
952157559_2015,PATHFINDERS OF SAN DIEGO,952157559,2015,06-30-2016,92104,0,0,0,0,484499,37895,0,522394,37895
952157559_2014,PATHFINDERS OF SAN DIEGO,952157559,2014,06-30-2015,92104,0,0,0,0,482738,52975,0,535713,52975
953649525_2020,VIETNAM VETERANS OF SAN DIEGO DBA VETERANS VILLAGE OF SAN DIEGO,953649525,2020,06-30-2021,92110,0,0,0,0,17344646,919709,140090,18264355,919709
953649525_2019,VIETNAM VETERANS OF SAN DIEGO DBA VETERANS VILLAGE OF SAN DIEGO,953649525,2019,06-30-2020,92110,0,0,108285,0,14550486,2660409,90700,17319180,2768694
953649525_2018,VIETNAM VETERANS OF SAN DIEGO DBA VETERANS VILLAGE OF SAN DIEGO,953649525,2018,06-30-2019,92110,0,0,0,0,12226507,1663160,68633,13889667,1663160
953649525_2017,VIETNAM VETERANS OF SAN DIEGO DBA VETERANS VILLAGE OF SAN DIEGO,953649525,2017,06-30-2018,92110,0,0,0,0,10390777,2934365,37484,13325142,2934365
953649525_2016,VIETNAM VETERANS OF SAN DIEGO DBA VETERANS VILLAGE OF SAN DIEGO,953649525,2016,06-30-2017,921102030,0,0,0,0,8454663,1317986,466769,9772649,1317986
953649525_2015,VIETNAM VETERANS OF SAN DIEGO DBA VETERANS VILLAGE OF SAN DIEGO,953649525,2015,06-30-2016,921102030,0,0,0,0,8368757,1746395,1086348,10115152,1746395
953649525_2014,VIETNAM VETERANS OF SAN DIEGO DBA VETERANS VILLAGE OF SAN DIEGO,953649525,2014,06-30-2015,921102030,0,0,0,0,8258604,1206648,145562,9465252,1206648
953649525_2013,VIETNAM VETERANS OF SAN DIEGO DBA VETERANS VILLAGE OF SAN DIEGO,953649525,2013,06-30-2014,0,0,0,0,0,8169126,1974080,124165,10143206,1974080
952213995_2021,UNITED WAY OF SAN DIEGO COUNTY,952213995,2021,06-30-2022,92123,4791394,0,0,0,1368458,899021,0,7058873,5690415
952213995_2020,UNITED WAY OF SAN DIEGO COUNTY,952213995,2020,06-30-2021,92123,5536302,0,108400,0,1403862,742336,0,7790900,6387038
952213995_2019,UNITED WAY OF SAN DIEGO COUNTY,952213995,2019,06-30-2020,92123,6556292,0,0,0,2803722,1812137,7360,11172151,8368429
952213995_2018,UNITED WAY OF SAN DIEGO COUNTY,952213995,2018,06-30-2019,92123,7049076,0,70375,0,509810,663710,0,8292971,7783161
952213995_2017,UNITED WAY OF SAN DIEGO COUNTY,952213995,2017,06-30-2018,92123,7976397,0,0,0,79332,453929,143347,8509658,8430326
952213995_2016,UNITED WAY OF SAN DIEGO COUNTY,952213995,2016,06-30-2017,92123,11952024,0,107258,0,913342,918225,1833,13890849,12977507
952213995_2015,UNITED WAY OF SAN DIEGO COUNTY,952213995,2015,06-30-2016,92123,13299476,0,37500,0,901775,754543,10000,14993294,14091519
952213995_2014,UNITED WAY OF SAN DIEGO COUNTY,952213995,2014,06-30-2015,92123,14528801,0,19500,0,69775,756087,5761,15374163,15304388
952213995_2013,UNITED WAY OF SAN DIEGO COUNTY,952213995,2013,06-30-2014,0,14649278,0,17000,0,57024,2012161,23815,16735463,16678439
952653869_2021,CRASH INC,952653869,2021,06-30-2022,92108,0,0,0,0,4752251,13877,0,4766128,13877
952653869_2020,CRASH INC,952653869,2020,06-30-2021,92108,0,0,0,0,0,12102,0,12102,12102
952653869_2019,CRASH INC,952653869,2019,06-30-2020,92108,0,0,0,0,0,10140,0,10140,10140
952653869_2018,CRASH INC,952653869,2018,06-30-2019,92108,0,0,0,0,0,19567,0,19567,19567
952653869_2017,CRASH INC,952653869,2017,06-30-2018,92108,0,0,0,0,0,5869,0,5869,5869
952653869_2016,CRASH INC,952653869,2016,06-30-2017,92108,0,0,0,0,0,10393,0,10393,10393
952653869_2015,CRASH INC,952653869,2015,06-30-2016,92108,0,0,0,0,0,12407,0,12407,12407
952653869_2014,CRASH INC,952653869,2014,06-30-2015,92108,0,0,0,0,0,2979,0,2979,2979
952653869_2013,CRASH INC,952653869,2013,06-30-2014,0,0,0,0,0,0,12130,0,12130,12130
953140767_2021,MCALISTER INSTITUTE FOR TREATMENT  EDUCATION INC,953140767,2021,06-30-2022,920201651,0,0,0,0,32228251,0,0,32228251,0
953140767_2020,MCALISTER INSTITUTE FOR TREATMENT  EDUCATION INC,953140767,2020,06-30-2021,920201651,0,0,0,0,33156996,0,0,33156996,0
953140767_2019,MCALISTER INSTITUTE FOR TREATMENT  EDUCATION INC,953140767,2019,06-30-2020,920201651,0,0,0,0,26829832,0,0,26829832,0
953140767_2018,MCALISTER INSTITUTE FOR TREATMENT  EDUCATION INC,953140767,2018,06-30-2019,920201651,0,0,0,0,20728534,0,0,20728534,0
953140767_2017,MCALISTER INSTITUTE FOR TREATMENT  EDUCATION INC,953140767,2017,06-30-2018,920201651,0,0,0,0,15375695,0,0,15375695,0
953140767_2016,MCALISTER INSTITUTE FOR TREATMENT  EDUCATION INC,953140767,2016,06-30-2017,920201651,0,0,0,0,11827666,0,0,11827666,0
953140767_2015,MCALISTER INSTITUTE FOR TREATMENT  EDUCATION INC,953140767,2015,06-30-2016,920201651,0,0,0,0,9361362,0,0,9361362,0
953140767_2014,MCALISTER INSTITUTE FOR TREATMENT  EDUCATION INC,953140767,2014,06-30-2015,920201651,0,0,0,0,8713650,0,0,8713650,0
953140767_2013,MCALISTER INSTITUTE FOR TREATMENT  EDUCATION INC,953140767,2013,06-30-2014,0,0,0,0,0,0,8109852,0,8109852,8109852
952648050_2020,SAN DIEGO YOUTH SERVICES,952648050,2020,06-30-2021,92110,0,0,0,0,19387646,322601,0,19710247,322601
952648050_2019,SAN DIEGO YOUTH SERVICES,952648050,2019,06-30-2020,92110,0,0,0,0,19632420,203870,0,19836290,203870
952648050_2018,SAN DIEGO YOUTH SERVICES,952648050,2018,06-30-2019,92110,0,0,0,0,19070850,144882,0,19215732,144882
952648050_2017,SAN DIEGO YOUTH SERVICES,952648050,2017,06-30-2018,92110,0,0,0,0,17914417,225235,0,18139652,225235
952648050_2016,SAN DIEGO YOUTH SERVICES,952648050,2016,06-30-2017,92110,0,0,0,0,0,339948,0,339948,339948
952648050_2015,SAN DIEGO YOUTH SERVICES,952648050,2015,06-30-2016,92110,0,0,0,0,0,573337,0,573337,573337
952648050_2014,SAN DIEGO YOUTH SERVICES,952648050,2014,06-30-2015,92110,0,0,0,0,0,428399,0,428399,428399
952648050_2013,SAN DIEGO YOUTH SERVICES,952648050,2013,06-30-2014,0,0,0,0,0,0,423479,0,423479,423479
330496092_2021,COMMUNITY HEALTH IMPROVEMENT PARTNERS,330496092,2021,12-31-2021,92123,0,0,0,0,1863289,10000,0,1873289,10000
330496092_2020,COMMUNITY HEALTH IMPROVEMENT PARTNERS,330496092,2020,12-31-2020,92123,0,0,0,0,2015213,25000,0,2040213,25000
330496092_2019,COMMUNITY HEALTH IMPROVEMENT PARTNERS,330496092,2019,12-31-2019,92123,0,0,0,0,1970684,262742,0,2233426,262742
330496092_2018,COMMUNITY HEALTH IMPROVEMENT PARTNERS,330496092,2018,12-31-2018,92123,0,0,0,0,2193360,231560,0,2424920,231560
330496092_2017,COMMUNITY HEALTH IMPROVEMENT PARTNERS,330496092,2017,12-31-2017,92123,0,0,0,0,1412677,763293,0,2175970,763293
330496092_2016,COMMUNITY HEALTH IMPROVEMENT PARTNERS,330496092,2016,12-31-2016,92123,0,0,82700,0,1528859,1256636,0,2868195,1339336
330496092_2015,COMMUNITY HEALTH IMPROVEMENT PARTNERS,330496092,2015,12-31-2015,92123,0,0,74326,0,1470129,338135,0,1882590,412461
330496092_2014,COMMUNITY HEALTH IMPROVEMENT PARTNERS,330496092,2014,12-31-2014,92123,0,0,37687,0,820992,382375,0,1241054,420062
330496092_2013,COMMUNITY HEALTH IMPROVEMENT PARTNERS,330496092,2013,12-31-2013,0,0,0,45878,0,828832,471764,0,1346474,517642
953138268_2021,HOME START INC,953138268,2021,06-30-2022,92108,0,0,96200,0,9547671,2417336,49427,12061207,2513536
953138268_2020,HOME START INC,953138268,2020,06-30-2021,92108,0,0,148040,0,9010990,1979791,53907,11138821,2127831
953138268_2019,HOME START INC,953138268,2019,06-30-2020,92108,0,0,116759,0,6289693,1628594,110061,8035046,1745353
953138268_2018,HOME START INC,953138268,2018,06-30-2019,92108,0,0,157560,0,4585241,734168,91413,5476969,891728
953138268_2017,HOME START INC,953138268,2017,06-30-2018,92108,0,0,128764,0,4647050,915600,470035,5691414,1044364
953138268_2016,HOME START INC,953138268,2016,06-30-2017,92108,0,0,124963,0,4427963,1709373,529998,6262299,1834336
953138268_2015,HOME START INC,953138268,2015,06-30-2016,92108,0,0,60824,0,4395128,2181271,650718,6637223,2242095
953138268_2014,HOME START INC,953138268,2014,06-30-2015,92108,0,0,0,0,3856122,2530596,504545,6386718,2530596
953497926_2021,COMMUNITY RESOURCE CENTER,953497926,2021,06-30-2022,92024,0,0,114007,0,3001809,1691815,1049099,4807631,1805822
953497926_2020,COMMUNITY RESOURCE CENTER,953497926,2020,06-30-2021,92024,0,0,77637,0,3252755,4043651,1035391,7374043,4121288
953497926_2019,COMMUNITY RESOURCE CENTER,953497926,2019,06-30-2020,92024,0,0,301149,0,2338255,2490058,627749,5129462,2791207
953497926_2018,COMMUNITY RESOURCE CENTER,953497926,2018,06-30-2019,92024,347,0,68811,0,1526759,1422107,614244,3018024,1491265
953497926_2017,COMMUNITY RESOURCE CENTER,953497926,2017,06-30-2018,92024,158,0,73475,0,1305024,1827504,548988,3206161,1901137
953497926_2016,COMMUNITY RESOURCE CENTER,953497926,2016,06-30-2017,92024,1043,0,4960,0,1074638,1221054,43662,2301695,1227057
953497926_2015,COMMUNITY RESOURCE CENTER,953497926,2015,06-30-2016,92024,2081,0,178433,0,877544,1118465,37633,2176523,1298979
953497926_2014,COMMUNITY RESOURCE CENTER,953497926,2014,06-30-2015,92024,4086,0,151650,0,112385,1775827,2977,2043948,1931563
953497926_2013,COMMUNITY RESOURCE CENTER,953497926,2013,06-30-2014,0,5786,0,58671,0,1215256,1231633,13786,2511346,1296090
951945256_2021,EPISCOPAL COMMUNITY SERVICES,951945256,2021,06-30-2022,91950,0,0,194185,0,29144007,718360,0,30056552,912545
951945256_2020,EPISCOPAL COMMUNITY SERVICES,951945256,2020,06-30-2021,91950,0,0,151115,0,26417739,606991,0,27175845,758106
951945256_2019,EPISCOPAL COMMUNITY SERVICES,951945256,2019,06-30-2020,91950,0,0,168750,0,26628948,568432,76845,27366130,737182
951945256_2018,EPISCOPAL COMMUNITY SERVICES,951945256,2018,06-30-2019,91950,0,0,137949,0,25902728,527617,129159,26568294,665566
951945256_2017,EPISCOPAL COMMUNITY SERVICES,951945256,2017,06-30-2018,91950,0,0,124077,0,23934591,719216,0,24777884,843293
951945256_2016,EPISCOPAL COMMUNITY SERVICES,951945256,2016,06-30-2017,91950,0,0,101625,0,22673613,301556,0,23076794,403181
951945256_2015,EPISCOPAL COMMUNITY SERVICES,951945256,2015,06-30-2016,91950,0,0,51225,0,22100447,340084,0,22491756,391309
951945256_2014,EPISCOPAL COMMUNITY SERVICES,951945256,2014,06-30-2015,91950,2158,0,40700,0,21298296,289319,0,21630473,332177
951945256_2013,EPISCOPAL COMMUNITY SERVICES,951945256,2013,06-30-2014,0,2552,0,19000,0,19316434,323170,0,19661156,344722
951944230_2020,VISTA HILL FOUNDATION,951944230,2020,09-30-2021,92123,0,0,0,421222,0,0,0,421222,421222
951944230_2019,VISTA HILL FOUNDATION,951944230,2019,09-30-2020,92123,0,0,0,829467,0,0,0,829467,829467
951944230_2018,VISTA HILL FOUNDATION,951944230,2018,09-30-2019,92123,0,0,0,519227,0,50000,0,569227,569227
951944230_2017,VISTA HILL FOUNDATION,951944230,2017,09-30-2018,92123,0,0,0,1143385,0,0,0,1143385,1143385
951944230_2016,VISTA HILL FOUNDATION,951944230,2016,09-30-2017,92123,0,0,0,1144538,0,25000,0,1169538,1169538
951944230_2015,VISTA HILL FOUNDATION,951944230,2015,09-30-2016,92123,0,0,0,1081289,0,0,0,1081289,1081289
951944230_2014,VISTA HILL FOUNDATION,951944230,2014,09-30-2015,92123,0,0,0,1164736,0,0,0,1164736,1164736
951944230_2013,VISTA HILL FOUNDATION,951944230,2013,09-30-2014,0,0,0,0,833367,0,0,0,833367,833367
956379598_2021,CENTER FOR COMMUNITY SOLUTIONS,956379598,2021,06-30-2022,92109,0,0,463831,0,5516946,850877,16256,6831654,1314708
956379598_2020,CENTER FOR COMMUNITY SOLUTIONS,956379598,2020,06-30-2021,92109,0,0,493759,0,4983768,1295828,21422,6773355,1789587
956379598_2019,CENTER FOR COMMUNITY SOLUTIONS,956379598,2019,06-30-2020,92109,0,0,169778,0,4963840,943753,50456,6077371,1113531
956379598_2018,CENTER FOR COMMUNITY SOLUTIONS,956379598,2018,06-30-2019,92109,0,0,431150,0,4702859,731655,33999,5865664,1162805
956379598_2017,CENTER FOR COMMUNITY SOLUTIONS,956379598,2017,06-30-2018,92109,0,0,286098,0,4101800,719296,35080,5107194,1005394
956379598_2016,CENTER FOR COMMUNITY SOLUTIONS,956379598,2016,06-30-2017,92109,0,0,180995,0,3654739,747187,91441,4582921,928182
956379598_2015,CENTER FOR COMMUNITY SOLUTIONS,956379598,2015,06-30-2016,92109,0,0,238746,0,3215028,596261,29180,4050035,835007
956379598_2014,CENTER FOR COMMUNITY SOLUTIONS,956379598,2014,06-30-2015,92109,0,0,222496,0,3027355,693548,18123,3943399,916044
956379598_2013,CENTER FOR COMMUNITY SOLUTIONS,956379598,2013,06-30-2014,0,0,0,314055,0,2686916,1234390,172083,4235361,1548445
951648184_2021,NEIGHBORHOOD HOUSE ASSN,951648184,2021,06-30-2022,92111,322,0,248049,0,103160048,624484,0,104032903,872855
951648184_2020,NEIGHBORHOOD HOUSE ASSN,951648184,2020,06-30-2021,92111,753,0,210773,0,94379296,718898,0,95309720,930424
951648184_2019,NEIGHBORHOOD HOUSE ASSN,951648184,2019,06-30-2020,92111,819,0,88990,0,97559202,598531,0,98247542,688340
951648184_2018,NEIGHBORHOOD HOUSE ASSN,951648184,2018,06-30-2019,92111,882,0,197990,0,95320956,638996,74436,96158824,837868
951648184_2017,NEIGHBORHOOD HOUSE ASSN,951648184,2017,06-30-2018,92111,2433,0,90000,0,92792453,640431,65505,93525317,732864
951648184_2016,NEIGHBORHOOD HOUSE ASSN,951648184,2016,06-30-2017,92111,4241,0,208120,0,85482020,539917,0,86234298,752278
951648184_2015,NEIGHBORHOOD HOUSE ASSN,951648184,2015,06-30-2016,92111,6215,0,193732,0,83944092,573315,0,84717354,773262
951648184_2014,NEIGHBORHOOD HOUSE ASSN,951648184,2014,06-30-2015,92111,7121,0,163374,0,81106064,333272,0,81609831,503767
951648184_2013,NEIGHBORHOOD HOUSE ASSN,951648184,2013,06-30-2014,0,3876,0,89183,0,76395637,466969,287665,76955665,560028
330122462_2021,NAMI SAN DIEGO,330122462,2021,06-30-2022,92123,0,0,256845,0,6911240,1564509,1248249,8732594,1821354
330122462_2020,NAMI SAN DIEGO,330122462,2020,06-30-2021,92123,0,0,162038,0,6535082,439141,0,7136261,601179
330122462_2019,NAMI SAN DIEGO,330122462,2019,06-30-2020,92123,0,0,160382,0,5532949,329605,2415,6022936,489987
330122462_2018,NAMI SAN DIEGO,330122462,2018,06-30-2019,92123,0,0,181702,0,5115093,139806,18300,5436601,321508
330122462_2017,NAMI SAN DIEGO,330122462,2017,06-30-2018,92123,0,0,142728,0,5085050,133191,0,5360969,275919
330122462_2016,NAMI SAN DIEGO,330122462,2016,06-30-2017,92123,0,1702,17201,0,5311923,134460,0,5465286,153363
330122462_2015,NAMI SAN DIEGO,330122462,2015,06-30-2016,92123,0,760,17785,0,4623871,255358,0,4897774,273903
330122462_2014,NAMI SAN DIEGO,330122462,2014,06-30-2015,92123,0,1618,136342,0,3196819,71894,0,3406673,209854
330122462_2013,NAMI SAN DIEGO,330122462,2013,06-30-2014,0,0,1881,153276,0,2117637,59229,0,2332023,214386
330215585_2021,ALPHA PROJECT FOR THE HOMELESS,330215585,2021,06-30-2022,92103,0,0,212917,0,20294300,3558897,1630789,24066114,3771814
330215585_2020,ALPHA PROJECT FOR THE HOMELESS,330215585,2020,06-30-2021,92103,0,0,145859,0,18162046,3338814,1199956,21646719,3484673
330215585_2019,ALPHA PROJECT FOR THE HOMELESS,330215585,2019,06-30-2020,92103,0,0,47749,0,15957289,10930710,1540175,26935748,10978459
330215585_2018,ALPHA PROJECT FOR THE HOMELESS,330215585,2018,06-30-2019,92103,0,0,0,0,2476001,14101032,1757375,16577033,14101032
330215585_2017,ALPHA PROJECT FOR THE HOMELESS,330215585,2017,06-30-2018,92103,0,0,0,0,1972019,8974475,1743782,10946494,8974475
330215585_2016,ALPHA PROJECT FOR THE HOMELESS,330215585,2016,06-30-2017,92103,0,0,0,0,1251303,6178785,1876303,7430088,6178785
330215585_2015,ALPHA PROJECT FOR THE HOMELESS,330215585,2015,06-30-2016,92103,0,0,0,0,2827016,2417961,1086372,5244977,2417961
330215585_2014,ALPHA PROJECT FOR THE HOMELESS,330215585,2014,06-30-2015,92103,0,0,0,0,4037724,1847458,676252,5885182,1847458
330215585_2013,ALPHA PROJECT FOR THE HOMELESS,330215585,2013,06-30-2014,0,0,0,0,0,2065058,4124494,469651,6189552,4124494
550806460_2022,BILATERAL SAFETY CORRIDOR COALITION,550806460,2022,12-31-2022,91950,0,0,8407,0,291440,270209,0,570056,278616
550806460_2021,BILATERAL SAFETY CORRIDOR COALITION,550806460,2021,12-31-2021,91950,0,0,0,0,239763,227448,0,467211,227448
550806460_2020,BILATERAL SAFETY CORRIDOR COALITION,550806460,2020,12-31-2020,91950,0,0,0,0,161068,218547,6000,379615,218547
550806460_2019,BILATERAL SAFETY CORRIDOR COALITION,550806460,2019,12-31-2019,91950,0,0,0,0,0,269047,0,269047,269047
550806460_2018,BILATERAL SAFETY CORRIDOR COALITION,550806460,2018,12-31-2018,91950,0,0,0,0,0,297479,0,297479,297479
550806460_2017,BILATERAL SAFETY CORRIDOR COALITION,550806460,2017,12-31-2017,91950,0,0,0,0,171066,159109,0,330175,159109
550806460_2016,BILATERAL SAFETY CORRIDOR COALITION,550806460,2016,12-31-2016,91950,0,0,0,0,188786,236171,0,424957,236171
550806460_2015,BILATERAL SAFETY CORRIDOR COALITION,550806460,2015,12-31-2015,91950,0,0,0,0,159442,117018,0,276460,117018
330008269_2021,ADJOIN FORMERLY COMMUNITY CATALYSTS OF CA,330008269,2021,12-31-2021,92123,0,0,0,0,11022640,15265,0,11037905,15265
330008269_2020,COMMUNITY CATALYSTS OF CALIFORNIA,330008269,2020,12-31-2020,92111,0,0,0,0,7508861,136902,0,7645763,136902
330008269_2019,COMMUNITY CATALYSTS OF CALIFORNIA,330008269,2019,12-31-2019,92111,0,0,0,0,4315826,18835,0,4334661,18835
330008269_2018,COMMUNITY CATALYSTS OF CALIFORNIA,330008269,2018,12-31-2018,92111,0,0,0,0,4486116,15457,0,4501573,15457
330008269_2017,COMMUNITY CATALYSTS OF CALIFORNIA,330008269,2017,12-31-2017,92111,0,0,0,0,4079963,13450,0,4093413,13450
330008269_2016,COMMUNITY CATALYSTS OF CALIFORNIA,330008269,2016,12-31-2016,92111,0,0,0,0,4117430,14732,0,4132162,14732
330008269_2015,COMMUNITY CATALYSTS OF CALIFORNIA,330008269,2015,12-31-2015,92111,0,0,0,0,2577779,15146,0,2592925,15146
330008269_2014,COMMUNITY CATALYSTS OF CALIFORNIA,330008269,2014,12-31-2014,92111,0,0,0,0,2111479,23405,0,2134884,23405
330008269_2013,COMMUNITY CATALYSTS OF CALIFORNIA,330008269,2013,12-31-2013,0,0,0,0,0,1057513,29269,0,1086782,29269
571162424_2021,KINGDOM CAUSES INC CITY NET BEDROCK CREEK,571162424,2021,12-31-2021,90807,89250,0,0,0,429733,790394,27870,1309377,879644
571162424_2020,KINGDOM CAUSES INC CITY NET BEDROCK CREEK,571162424,2020,12-31-2020,90807,9965,0,0,0,0,487546,139062,497511,497511
571162424_2019,KINGDOM CAUSES INC,571162424,2019,12-31-2019,90807,39087,0,0,0,0,1035566,952925,1074653,1074653
571162424_2018,KINGDOM CAUSES INC DBA CITY NET BEDROCK CREEK,571162424,2018,12-31-2018,90807,0,0,0,0,0,113906,0,113906,113906
571162424_2017,KINGDOM CAUSES INC DBA CITY NET BEDROCK CREEK,571162424,2017,12-31-2017,90809,0,0,0,0,22500,172350,0,194850,172350
571162424_2016,KINGDOM CAUSES INC DBA CITY NET BEDROCK CREEK,571162424,2016,12-31-2016,90809,0,0,0,0,45928,100072,0,146000,100072
571162424_2015,KINGDOM CAUSES INC DBA CITY NET BEDROCK CREEK,571162424,2015,12-31-2015,90809,0,0,0,0,57119,177099,0,234218,177099
571162424_2014,KINGDOM CAUSES INC DBA CITY NET BEDROCK CREEK,571162424,2014,12-31-2014,90809,0,0,0,10335,269904,449840,0,730079,460175
571162424_2013,KINGDOM CAUSES INC DBA CITY NET BEDROCK CREEK,571162424,2013,12-31-2013,0,0,0,0,18375,106888,274500,0,399763,292875
952693142_2021,SBCS CORPORATION,952693142,2021,06-30-2022,91910,0,0,726095,0,82876281,3187139,144304,86789515,3913234
952693142_2020,SBCS CORPORATION,952693142,2020,06-30-2021,91910,0,0,0,0,93767513,4511207,411334,98278720,4511207
952693142_2019,SOUTH BAY COMMUNITY SERVICES,952693142,2019,06-30-2020,91910,0,0,165510,0,30495738,2038952,78823,32700200,2204462
952693142_2018,SOUTH BAY COMMUNITY SERVICES,952693142,2018,06-30-2019,91910,0,0,230647,0,24769279,603727,148832,25603653,834374
952693142_2017,SOUTH BAY COMMUNITY SERVICES,952693142,2017,06-30-2018,91910,0,0,187711,0,23679156,505996,75340,24372863,693707
952693142_2016,SOUTH BAY COMMUNITY SERVICES,952693142,2016,06-30-2017,91910,0,0,158754,0,24108727,511375,194845,24778856,670129
952693142_2015,SOUTH BAY COMMUNITY SERVICES,952693142,2015,06-30-2016,91910,0,0,0,0,23412360,546969,278454,23959329,546969
952693142_2014,SOUTH BAY COMMUNITY SERVICES,952693142,2014,06-30-2015,91910,0,0,0,0,23927898,491641,189443,24419539,491641
952693142_2013,SOUTH BAY COMMUNITY SERVICES,952693142,2013,06-30-2014,0,0,0,149889,0,21811905,1018122,169822,22979916,1168011
931008369_2021,ALLIANCE FOR AFRICAN ASSISTANCE,931008369,2021,06-30-2022,92115,0,0,0,0,0,695967,18000,695967,695967
931008369_2020,ALLIANCE FOR AFRICAN ASSISTANCE,931008369,2020,06-30-2021,92115,0,0,0,0,175000,127017,0,302017,127017
931008369_2019,ALLIANCE FOR AFRICAN ASSISTANCE,931008369,2019,06-30-2020,92115,0,0,42454,0,0,101691,0,144145,144145
931008369_2018,ALLIANCE FOR AFRICAN ASSISTANCE,931008369,2018,06-30-2019,92115,0,0,0,0,0,145494,0,145494,145494
931008369_2017,ALLIANCE FOR AFRICAN ASSISTANCE,931008369,2017,06-30-2018,92115,0,0,6304,0,0,82574,0,88878,88878
931008369_2016,ALLIANCE FOR AFRICAN ASSISTANCE,931008369,2016,06-30-2017,92115,0,0,0,0,0,116000,0,116000,116000
931008369_2015,ALLIANCE FOR AFRICAN ASSISTANCE,931008369,2015,06-30-2016,92115,0,0,0,0,0,79620,0,79620,79620
237332048_2020,THE SAN DIEGO LESBIAN GAY BISEXUAL TRANSGENDER COMMUNITY CENTER,237332048,2020,06-30-2021,92163,0,0,0,0,5499751,5085443,0,10585194,5085443
237332048_2019,THE SAN DIEGO LESBIANGAY BISEXUAL TRANSGENDER COMMUNITY CENTER,237332048,2019,06-30-2020,92163,0,0,0,0,3582838,4003879,0,7586717,4003879
237332048_2018,THE SAN DIEGO LESBIANGAY BISEXUAL TRANSGENDER COMMUNITY CENTER,237332048,2018,06-30-2019,92163,0,0,0,0,2417854,4898662,0,7316516,4898662
237332048_2017,THE SAN DIEGO LESBIANGAY BISEXUAL TRANSGENDER COMMUNITY CENTER,237332048,2017,06-30-2018,92163,0,0,0,0,2618909,4786412,0,7405321,4786412
237332048_2016,THE SAN DIEGO LESBIANGAY BISEXUAL TRANSGENDER COMMUNITY CENTER,237332048,2016,06-30-2017,92163,0,0,0,0,2674347,4105894,0,6780241,4105894
237332048_2015,THE SAN DIEGO LESBIANGAY BISEXUAL TRANSGENDER COMMUNITY CENTER,237332048,2015,06-30-2016,92163,0,0,0,0,2265389,2588997,0,4854386,2588997
237332048_2014,THE SAN DIEGO LESBIANGAY BISEXUAL TRANSGENDER COMMUNITY CENTER,237332048,2014,06-30-2015,92163,0,0,0,0,1807212,2867228,0,4674440,2867228
