EIN_YEAR,ba,EIN,Tax Year,Location (Zipcode),Federate Campaigns,Membership Dues,Fundraising Events,Related Organizations,Government Grants,All Other Contributions,Noncash Contributions,Total
952457354_2021.0,Metropolitan Area Advisory Committee on Anti-Poverty of San Diego County In,952457354,2021.0,91911,0,0,0,0,44408141,3256460,2136983,47664601
952457354_2020.0,Metropolitan Area Advisory Committee on Anti-Poverty of San Diego County In,952457354,2020.0,91911,0,0,0,0,35941636,3522954,2632688,39464590
952457354_2019.0,Metropolitan Area Advisory Committee on Anti-Poverty of San Diego County In,952457354,2019.0,91911,0,0,204555,0,35487026,2434789,2298104,38126370
952457354_2018.0,Metropolitan Area Advisory Committee on Anti-Poverty of San Diego County In,952457354,2018.0,91911,0,0,35000,0,29811044,2412572,1869374,32258616
952457354_2017.0,Metropolitan Area Advisory Committee on Anti-Poverty of San Diego County In,952457354,2017.0,91911,0,0,36800,0,27582015,2269306,2049541,29888121
952457354_2016.0,Metropolitan Area Advisory Committee on Anti-Poverty of San Diego County In,952457354,2016.0,91911,0,0,16800,0,28532127,2003551,1738321,30552478
952457354_2015.0,Metropolitan Area Advisory Committee on Anti-Poverty of San Diego County In,952457354,2015.0,91911,0,0,125830,0,28333254,925726,893295,29384810
952457354_2013.0,"METROPOLITAN AREA ADVISORY COMMITTEE ON
ANTI-POVERTY OF SAN DIEGO COUNTY INC",952457354,2013.0,0,0,0,0,0,0,254541,0,254541
237334012_2020.0,CATHOLIC CHARITIES DIOCESE OF SAN DIEGO,237334012,2020.0,92112,9190,0,0,0,11606920,4238141,0,15854251
237334012_2019.0,CATHOLIC CHARITIES DIOCESE OF SAN DIEGO,237334012,2019.0,92112,21301,0,0,0,7876775,2735170,0,10633246
237334012_2018.0,CATHOLIC CHARITIES DIOCESE OF SAN DIEGO,237334012,2018.0,92112,50794,0,5748,0,7519954,2379161,0,9955657
237334012_2017.0,CATHOLIC CHARITIES DIOCESE OF SAN DIEGO,237334012,2017.0,92112,91200,0,28745,0,0,2116667,0,2236612
237334012_2016.0,CATHOLIC CHARITIES DIOCESE OF SAN DIEGO,237334012,2016.0,92112,77085,0,53000,0,0,1952123,0,2082208
237334012_2015.0,CATHOLIC CHARITIES DIOCESE OF SAN DIEGO,237334012,2015.0,92101,121494,0,57035,0,0,2955261,0,3133790
237334012_2014.0,CATHOLIC CHARITIES DIOCESE OF SAN DIEGO,237334012,2014.0,92101,120174,0,143749,0,0,1755127,0,2019050
237334012_2013.0,CATHOLIC CHARITIES DIOCESE OF SAN DIEGO,237334012,2013.0,0,116799,0,196830,0,0,1845723,0,2159352
956379598_2021.0,CENTER FOR COMMUNITY SOLUTIONS,956379598,2021.0,92109,0,0,463831,0,5516946,850877,16256,6831654
956379598_2020.0,CENTER FOR COMMUNITY SOLUTIONS,956379598,2020.0,92109,0,0,493759,0,4983768,1295828,21422,6773355
956379598_2019.0,CENTER FOR COMMUNITY SOLUTIONS,956379598,2019.0,92109,0,0,169778,0,4963840,943753,50456,6077371
956379598_2018.0,CENTER FOR COMMUNITY SOLUTIONS,956379598,2018.0,92109,0,0,431150,0,4702859,731655,33999,5865664
956379598_2017.0,CENTER FOR COMMUNITY SOLUTIONS,956379598,2017.0,92109,0,0,286098,0,4101800,719296,35080,5107194
956379598_2016.0,CENTER FOR COMMUNITY SOLUTIONS,956379598,2016.0,92109,0,0,180995,0,3654739,747187,91441,4582921
956379598_2015.0,CENTER FOR COMMUNITY SOLUTIONS,956379598,2015.0,92109,0,0,238746,0,3215028,596261,29180,4050035
956379598_2014.0,CENTER FOR COMMUNITY SOLUTIONS,956379598,2014.0,92109,0,0,222496,0,3027355,693548,18123,3943399
956379598_2013.0,CENTER FOR COMMUNITY SOLUTIONS,956379598,2013.0,0,0,0,314055,0,2686916,1234390,172083,4235361
951874073_2021.0,SAN DIEGO RESCUE MISSION INC,951874073,2021.0,92138,0,0,155764,0,0,26121296,8271604,26277060
951874073_2020.0,SAN DIEGO RESCUE MISSION INC,951874073,2020.0,92138,0,0,142855,0,0,21978558,10039786,22121413
951874073_2019.0,SAN DIEGO RESCUE MISSION INC,951874073,2019.0,92138,0,0,50825,0,0,16540608,7454894,16591433
951874073_2018.0,SAN DIEGO RESCUE MISSION INC,951874073,2018.0,92138,0,0,297819,0,0,16921789,8637829,17219608
951874073_2017.0,SAN DIEGO RESCUE MISSION INC,951874073,2017.0,92138,0,0,0,0,0,17095088,9929227,17095088
951874073_2016.0,San Diego Rescue Mission Inc,951874073,2016.0,92138,0,0,305400,0,0,16740241,10289900,17045641
951874073_2015.0,San Diego Rescue Mission Inc,951874073,2015.0,92138,0,0,265175,0,0,15535669,9304663,15535669
951874073_2014.0,SAN DIEGO RESCUE MISSION INC,951874073,2014.0,92138,0,0,0,0,0,16740258,10231347,16740258
951874073_2013.0,SAN DIEGO RESCUE MISSION INC,951874073,2013.0,0,0,0,0,0,0,19597062,9632204,19597062
237279074_2021.0,UNION OF PAN ASIAN COMMUNITIES,237279074,2021.0,92102,170,0,44349,0,0,595309,53487,639828
237279074_2020.0,UNION OF PAN ASIAN COMMUNITIES,237279074,2020.0,92102,216,0,77662,0,33272,524550,0,635700
237279074_2019.0,UNION OF PAN ASIAN COMMUNITIES,237279074,2019.0,92102,56,0,0,0,0,561746,0,561802
237279074_2018.0,UNION OF PAN ASIAN COMMUNITIES,237279074,2018.0,92102,387,0,134109,0,0,299784,0,434280
237279074_2017.0,UNION OF PAN ASIAN COMMUNITIES,237279074,2017.0,92102,219,0,123225,0,0,443582,0,567026
237279074_2016.0,UNION OF PAN ASIAN COMMUNITIES,237279074,2016.0,92102,777,0,118088,0,0,378054,0,496919
237279074_2015.0,UNION OF PAN ASIAN COMMUNITIES,237279074,2015.0,92102,1083,0,120006,0,0,282200,0,403289
237279074_2014.0,UNION OF PAN ASIAN COMMUNITIES,237279074,2014.0,92102,752,0,108729,0,0,254538,0,364019
237279074_2013.0,UNION OF PAN ASIAN COMMUNITIES,237279074,2013.0,0,3256,0,0,0,0,301674,0,304930
562613191_2021.0,"Strong Hearted Native Womens
Coalition Inc",562613191,2021.0,92082,0,0,0,0,1434028,236674,0,1670702
562613191_2020.0,"Strong Hearted Native Womens
Coalition Inc",562613191,2020.0,92082,0,0,0,0,1025846,45625,0,1071471
562613191_2019.0,"Strong Hearted Native Womens
Coalition Inc",562613191,2019.0,92082,0,0,0,0,921567,26017,0,947584
562613191_2018.0,"Strong Hearted Native Womens
Coalition Inc",562613191,2018.0,92082,0,0,0,0,876189,3574,0,879763
562613191_2017.0,"Strong Hearted Native Womens
Coalition Inc",562613191,2017.0,92082,0,0,0,0,799422,7109,0,806531
952850121_2021.0,SERVING SENIORS,952850121,2021.0,92101,0,0,129000,0,8663919,3595528,0,12388447
952850121_2020.0,SERVING SENIORS,952850121,2020.0,92101,0,0,250845,0,10529880,2712201,0,13492926
952850121_2019.0,SERVING SENIORS,952850121,2019.0,92101,0,0,53970,0,5623675,3947673,0,9625318
952850121_2018.0,SERVING SENIORS,952850121,2018.0,92101,0,0,161620,0,4078668,2248135,124834,6488423
952850121_2017.0,SERVING SENIORS,952850121,2017.0,92101,0,0,101071,0,3298204,1739118,236047,5138393
952850121_2014.0,SERVING SENIORS,952850121,2014.0,92101,0,0,0,0,3260642,1926705,565000,5187347
330496092_2021.0,COMMUNITY HEALTH IMPROVEMENT PARTNERS,330496092,2021.0,92123,0,0,0,0,1863289,10000,0,1873289
330496092_2020.0,COMMUNITY HEALTH IMPROVEMENT PARTNERS,330496092,2020.0,92123,0,0,0,0,2015213,25000,0,2040213
330496092_2019.0,COMMUNITY HEALTH IMPROVEMENT PARTNERS,330496092,2019.0,92123,0,0,0,0,1970684,262742,0,2233426
330496092_2018.0,COMMUNITY HEALTH IMPROVEMENT PARTNERS,330496092,2018.0,92123,0,0,0,0,2193360,231560,0,2424920
330496092_2017.0,COMMUNITY HEALTH IMPROVEMENT PARTNERS,330496092,2017.0,92123,0,0,0,0,1412677,763293,0,2175970
330496092_2016.0,COMMUNITY HEALTH IMPROVEMENT PARTNERS,330496092,2016.0,92123,0,0,82700,0,1528859,1256636,0,2868195
330496092_2015.0,COMMUNITY HEALTH IMPROVEMENT PARTNERS,330496092,2015.0,92123,0,0,74326,0,1470129,338135,0,1882590
330496092_2014.0,COMMUNITY HEALTH IMPROVEMENT PARTNERS,330496092,2014.0,92123,0,0,37687,0,820992,382375,0,1241054
330496092_2013.0,COMMUNITY HEALTH IMPROVEMENT PARTNERS,330496092,2013.0,0,0,0,45878,0,828832,471764,0,1346474
953782164_2020.0,Southern Indian Health Council,953782164,2020.0,91901,0,0,0,0,19406720,120824,59013,19527544
953782164_2019.0,Southern Indian Health Council,953782164,2019.0,91901,0,0,0,0,15329504,54763,54763,15384267
953782164_2018.0,Southern Indian Health Council,953782164,2018.0,91901,0,0,0,0,12821614,171201,44396,12992815
953782164_2017.0,Southern Indian Health Council,953782164,2017.0,91901,0,0,0,0,12039956,227741,42532,12267697
953782164_2016.0,Southern Indian Health Council,953782164,2016.0,91901,0,0,0,0,11237004,378725,39036,11615729
953782164_2015.0,Southern Indian Health Council,953782164,2015.0,91901,0,0,0,0,10326684,926092,96307,11252776
953782164_2014.0,SOUTHERN INDIAN HEALTH COUNCIL INC,953782164,2014.0,91901,0,0,0,0,10459020,638433,123626,11097453
953782164_2013.0,SOUTHERN INDIAN HEALTH COUNCIL INC,953782164,2013.0,0,0,0,0,0,9395777,145941,97417,9541718
330210280_2022.0,UPLIFT,330210280,2022.0,92102,0,0,215764,0,0,225374,0,441138
330210280_2021.0,UPLIFT,330210280,2021.0,92102,0,0,53708,0,0,192522,30000,246230
330210280_2019.0,Uplift,330210280,2019.0,92102,0,0,52847,0,0,188329,0,241176
951648184_2021.0,NEIGHBORHOOD HOUSE ASSN,951648184,2021.0,92111,322,0,248049,0,103160048,624484,0,104032903
951648184_2020.0,NEIGHBORHOOD HOUSE ASSN,951648184,2020.0,92111,753,0,210773,0,94379296,718898,0,95309720
951648184_2019.0,NEIGHBORHOOD HOUSE ASSN,951648184,2019.0,92111,819,0,88990,0,97559202,598531,0,98247542
951648184_2018.0,NEIGHBORHOOD HOUSE ASSN,951648184,2018.0,92111,882,0,197990,0,95320956,638996,74436,96158824
951648184_2017.0,NEIGHBORHOOD HOUSE ASSN,951648184,2017.0,92111,2433,0,90000,0,92792453,640431,65505,93525317
951648184_2016.0,Neighborhood House Assn,951648184,2016.0,92111,4241,0,208120,0,85482020,539917,0,86234298
951648184_2015.0,Neighborhood House Assn,951648184,2015.0,92111,6215,0,193732,0,83944092,573315,0,84717354
951648184_2014.0,NEIGHBORHOOD HOUSE ASSN,951648184,2014.0,92111,7121,0,163374,0,81106064,333272,0,81609831
951648184_2013.0,NEIGHBORHOOD HOUSE ASSN,951648184,2013.0,0,3876,0,89183,0,76395637,466969,287665,76955665
951644024_2020.0,JEWISH FAMILY SERVICE OF SAN DIEGO,951644024,2020.0,92123,0,0,72703,7303371,21236898,13159624,247272,41772596
951644024_2019.0,JEWISH FAMILY SERVICE OF SAN DIEGO,951644024,2019.0,92123,0,0,8530,2200000,16665713,12516117,122210,31390360
951644024_2018.0,JEWISH FAMILY SERVICE OF SAN DIEGO,951644024,2018.0,92123,0,0,382685,2042808,11727667,15812839,126480,29965999
951644024_2017.0,JEWISH FAMILY SERVICE OF SAN DIEGO,951644024,2017.0,92123,0,0,291286,1531126,7074276,7917964,286966,16814652
951644024_2016.0,JEWISH FAMILY SERVICE OF SAN DIEGO,951644024,2016.0,92123,158030,0,223371,100000,8064950,7980152,118276,16526503
951644024_2015.0,JEWISH FAMILY SERVICE OF SAN DIEGO,951644024,2015.0,92123,0,0,88548,70000,7628861,6851622,149927,14639031
951644024_2014.0,JEWISH FAMILY SERVICE OF SAN DIEGO,951644024,2014.0,92123,0,0,249428,50000,7072121,6723581,175948,14095130
951644024_2013.0,JEWISH FAMILY SERVICE OF SAN DIEGO,951644024,2013.0,0,0,0,131648,1159200,6741356,7313739,140200,15345943
330122462_2021.0,NAMI SAN DIEGO,330122462,2021.0,92123,0,0,256845,0,6911240,1564509,1248249,8732594
330122462_2020.0,NAMI SAN DIEGO,330122462,2020.0,92123,0,0,162038,0,6535082,439141,0,7136261
330122462_2019.0,NAMI SAN DIEGO,330122462,2019.0,92123,0,0,160382,0,5532949,329605,2415,6022936
330122462_2018.0,NAMI SAN DIEGO,330122462,2018.0,92123,0,0,181702,0,5115093,139806,18300,5436601
330122462_2017.0,NAMI SAN DIEGO,330122462,2017.0,92123,0,0,142728,0,5085050,133191,0,5360969
330122462_2016.0,NAMI SAN DIEGO,330122462,2016.0,92123,0,1702,17201,0,5311923,134460,0,5465286
330122462_2015.0,NAMI SAN DIEGO,330122462,2015.0,92123,0,760,17785,0,4623871,255358,0,4897774
330122462_2014.0,NAMI SAN DIEGO,330122462,2014.0,92123,0,1618,136342,0,3196819,71894,0,3406673
330122462_2013.0,NAMI SAN DIEGO,330122462,2013.0,0,0,1881,153276,0,2117637,59229,0,2332023
952949636_2020.0,"CATHEDRAL PLAZA DEVELOPMENT CORP
CO ROYAL PROPERTY MGMT GROUP INC",952949636,2020.0,92127,0,0,0,0,0,158572,0,158572
952949636_2019.0,"CATHEDRAL PLAZA DEVELOPMENT CORP
CO ROYAL PROPERTY MGMT GROUP INC",952949636,2019.0,92127,0,0,0,0,132432,0,0,132432
952949636_2018.0,"CATHEDRAL PLAZA DEVELOPMENT CORP
CO ROYAL PROPERTY MGMT GROUP INC",952949636,2018.0,92127,0,0,0,0,161530,0,0,161530
952949636_2017.0,"CATHEDRAL PLAZA DEVELOPMENT CORP
CO ROYAL PROPERTY MGMT GROUP INC",952949636,2017.0,92127,0,0,0,0,139382,0,0,139382
952949636_2016.0,"CATHEDRAL PLAZA DEVELOPMENT CORP
CO ROYAL PROPERTY MGMT GROUP INC",952949636,2016.0,92127,0,0,0,0,141447,0,0,141447
952949636_2015.0,"CATHEDRAL PLAZA DEVELOPMENT CORP
CO ROYAL PROPERTY MGMT GROUP INC",952949636,2015.0,92127,0,0,0,0,320264,0,0,320264
952949636_2014.0,"CATHEDRAL PLAZA DEVELOPMENT CORP
CO ROYAL PROPERTY MGMT GROUP INC",952949636,2014.0,92127,0,0,0,0,433182,0,0,433182
942358632_2021.0,"WALDEN ENVIRONMENT
DBA WALDEN FAMILY SERVICES",942358632,2021.0,92123,0,0,366680,0,16561736,1186451,10000,18114867
942358632_2020.0,"WALDEN ENVIRONMENT
DBA WALDEN FAMILY SERVICES",942358632,2020.0,92123,0,0,0,0,17100546,833046,3100,17933592
942358632_2019.0,"WALDEN ENVIRONMENT INC
DBA WALDEN FAMILY SERVICES",942358632,2019.0,92123,0,0,1071693,0,16055428,658669,35545,17785790
942358632_2018.0,"WALDEN ENVIRONMENT INC
DBA WALDEN FAMILY SERVICES",942358632,2018.0,92123,0,0,1007674,0,13353015,441793,681176,14802482
942358632_2017.0,"WALDEN ENVIRONMENT INC
DBA WALDEN FAMILY SERVICES",942358632,2017.0,92123,0,0,0,0,0,252500,0,252500
942358632_2016.0,"WALDEN ENVIRONMENT INC
DBA WALDEN FAMILY SERVICES",942358632,2016.0,92123,0,0,0,0,0,433600,1200,433600
942358632_2015.0,"WALDEN ENVIRONMENT INC
DBA WALDEN FAMILY SERVICES",942358632,2015.0,92123,0,0,0,0,0,203057,4040,203057
942358632_2014.0,"WALDEN ENVIRONMENT INC
DBA WALDEN FAMILY SERVICES",942358632,2014.0,92120,0,0,0,0,0,216481,811,216481
942358632_2013.0,"WALDEN ENVIRONMENT INC
DBA WALDEN FAMILY SERVICES",942358632,2013.0,0,0,0,0,0,0,101535,0,101535
952648050_2020.0,SAN DIEGO YOUTH SERVICES,952648050,2020.0,92110,0,0,0,0,19387646,322601,0,19710247
952648050_2019.0,SAN DIEGO YOUTH SERVICES,952648050,2019.0,92110,0,0,0,0,19632420,203870,0,19836290
952648050_2018.0,SAN DIEGO YOUTH SERVICES,952648050,2018.0,92110,0,0,0,0,19070850,144882,0,19215732
952648050_2017.0,SAN DIEGO YOUTH SERVICES,952648050,2017.0,92110,0,0,0,0,17914417,225235,0,18139652
952648050_2016.0,SAN DIEGO YOUTH SERVICES,952648050,2016.0,92110,0,0,0,0,0,339948,0,339948
952648050_2015.0,SAN DIEGO YOUTH SERVICES,952648050,2015.0,92110,0,0,0,0,0,573337,0,573337
952648050_2014.0,SAN DIEGO YOUTH SERVICES,952648050,2014.0,92110,0,0,0,0,0,428399,0,428399
952648050_2013.0,SAN DIEGO YOUTH SERVICES,952648050,2013.0,0,0,0,0,0,0,423479,0,423479
953798088_2021.0,GUADALUPE PLAZA DEVELOPMENT CORPORATION,953798088,2021.0,92127,0,0,0,0,21822,0,0,21822
953798088_2020.0,GUADALUPE PLAZA DEVELOPMENT CORPORATION,953798088,2020.0,92127,0,0,0,0,46247,0,0,46247
953798088_2019.0,GUADALUPE PLAZA DEVELOPMENT CORPORATION,953798088,2019.0,92127,0,0,0,0,60562,0,0,60562
953798088_2018.0,GUADALUPE PLAZA DEVELOPMENT CORPORATION,953798088,2018.0,92127,0,0,0,0,77704,0,0,77704
953798088_2017.0,GUADALUPE PLAZA DEVELOPMENT CORPORATION,953798088,2017.0,92127,0,0,0,0,64454,0,0,64454
953798088_2016.0,GUADALUPE PLAZA DEVELOPMENT CORPORATION,953798088,2016.0,92127,0,0,0,0,61998,0,0,61998
953798088_2015.0,GUADALUPE PLAZA DEVELOPMENT CORPORATION,953798088,2015.0,92127,0,0,0,0,72019,0,0,72019
273390797_2020.0,SOMALI BANTU ASSOCIATION OF AMERICA,273390797,2020.0,92105,0,0,0,0,293380,374295,5000,667675
273390797_2019.0,SOMALI BANTU ASSOCIATION OF AMERICA,273390797,2019.0,92105,0,0,0,0,402438,233989,463,636427
273390797_2018.0,SOMALI BANTU ASSOCIATION OF AMERICA,273390797,2018.0,92105,0,0,0,0,252176,221576,1000,473752
273390797_2017.0,Somali Bantu Association of America,273390797,2017.0,92105,0,0,0,0,0,393129,15488,393129
952213995_2021.0,UNITED WAY OF SAN DIEGO COUNTY,952213995,2021.0,92123,4791394,0,0,0,1368458,899021,0,7058873
952213995_2020.0,UNITED WAY OF SAN DIEGO COUNTY,952213995,2020.0,92123,5536302,0,108400,0,1403862,742336,0,7790900
952213995_2019.0,UNITED WAY OF SAN DIEGO COUNTY,952213995,2019.0,92123,6556292,0,0,0,2803722,1812137,7360,11172151
952213995_2018.0,UNITED WAY OF SAN DIEGO COUNTY,952213995,2018.0,92123,7049076,0,70375,0,509810,663710,0,8292971
952213995_2017.0,UNITED WAY OF SAN DIEGO COUNTY,952213995,2017.0,92123,7976397,0,0,0,79332,453929,143347,8509658
952213995_2016.0,UNITED WAY OF SAN DIEGO COUNTY,952213995,2016.0,92123,11952024,0,107258,0,913342,918225,1833,13890849
952213995_2015.0,UNITED WAY OF SAN DIEGO COUNTY,952213995,2015.0,92123,13299476,0,37500,0,901775,754543,10000,14993294
952213995_2014.0,UNITED WAY OF SAN DIEGO COUNTY,952213995,2014.0,92123,14528801,0,19500,0,69775,756087,5761,15374163
952213995_2013.0,UNITED WAY OF SAN DIEGO COUNTY,952213995,2013.0,0,14649278,0,17000,0,57024,2012161,23815,16735463
953750738_2020.0,CALEXICO PLAZA DEVELOPMENT CORP,953750738,2020.0,92127,0,0,0,0,0,0,0,0
953750738_2019.0,CALEXICO PLAZA DEVELOPMENT CORP,953750738,2019.0,92127,0,0,0,0,0,0,0,0
953750738_2018.0,CALEXICO PLAZA DEVELOPMENT CORP,953750738,2018.0,92127,0,0,0,0,54330,0,0,54330
953750738_2017.0,CALEXICO PLAZA DEVELOPMENT CORP,953750738,2017.0,92127,0,0,0,0,56517,0,0,56517
953750738_2016.0,CALEXICO PLAZA DEVELOPMENT CORP,953750738,2016.0,92127,0,0,0,0,55911,0,0,55911
953750738_2015.0,CALEXICO PLAZA DEVELOPMENT CORP,953750738,2015.0,92127,0,0,0,0,56788,0,0,56788
953750738_2014.0,CALEXICO PLAZA DEVELOPMENT CORP,953750738,2014.0,92127,0,0,0,0,55336,0,0,55336
270865318_2021.0,"EAST COUNTY TRANSITIONAL LIVING
CENTER INC",270865318,2021.0,92021,0,0,0,0,0,4219724,3264414,4219724
270865318_2020.0,"EAST COUNTY TRANSITIONAL LIVING
CENTER INC",270865318,2020.0,92021,0,0,0,0,0,3247868,2243641,3247868
270865318_2019.0,"EAST COUNTY TRANSITIONAL LIVING
CENTER INC",270865318,2019.0,92021,0,0,0,0,0,1616436,1140751,1616436
270865318_2018.0,"EAST COUNTY TRANSITIONAL LIVING
CENTER INC",270865318,2018.0,92021,0,0,0,0,0,2215373,1511646,2215373
270865318_2017.0,"EAST COUNTY TRANSITIONAL LIVING
CENTER INC",270865318,2017.0,92021,0,0,0,0,80004,1549664,905744,1629668
270865318_2016.0,"EAST COUNTY TRANSITIONAL LIVING
CENTER INC",270865318,2016.0,92021,0,0,0,0,164573,692054,580726,856627
270865318_2015.0,"EAST COUNTY TRANSITIONAL LIVING
CENTER INC",270865318,2015.0,92021,0,0,0,0,77030,633257,412106,710287
270865318_2014.0,"EAST COUNTY TRANSITIONAL
LIVING CENTER INC",270865318,2014.0,92021,0,0,0,0,0,205197,75,205197
270865318_2013.0,"EAST COUNTY TRANSITIONAL
LIVING CENTER INC",270865318,2013.0,0,0,0,0,0,140946,668090,563555,809036
952111196_2020.0,ST PAUL'S EPISCOPAL HOME INC,952111196,2020.0,92103,0,0,0,460593,1014136,2605006,15000,4079735
952111196_2019.0,ST PAUL'S EPISCOPAL HOME INC,952111196,2019.0,92103,0,0,0,120352,2116459,937706,0,3174517
952111196_2018.0,ST PAUL'S EPISCOPAL HOME INC,952111196,2018.0,92103,0,0,0,175050,5330,1620000,0,1800380
952111196_2017.0,ST PAUL'S EPISCOPAL HOME INC,952111196,2017.0,92103,0,0,0,277177,0,263586,0,540763
952111196_2016.0,ST PAUL'S EPISCOPAL HOME INC,952111196,2016.0,92103,0,0,0,1683986,0,1718750,0,3402736
952111196_2014.0,ST PAUL'S EPISCOPAL HOME INC,952111196,2014.0,921036522,0,0,0,503809,83178,0,0,586987
952111196_2013.0,ST PAUL'S EPISCOPAL HOME INC,952111196,2013.0,0,0,0,0,0,0,2001843,0,2001843
941676390_2021.0,CALIFORNIA INDIAN LEGAL SERVICES INC,941676390,2021.0,95814,0,0,0,0,2186940,161051,0,2347991
941676390_2020.0,CALIFORNIA INDIAN LEGAL SERVICES INC,941676390,2020.0,92025,0,0,0,0,2026456,18802,0,2045258
331029843_2021.0,INFO LINE OF SAN DIEGO COUNTY,331029843,2021.0,92142,0,0,344110,0,0,813456,0,1157566
331029843_2020.0,INFO LINE OF SAN DIEGO COUNTY,331029843,2020.0,92142,179534,0,457183,0,0,402785,0,1039502
331029843_2019.0,INFO LINE OF SAN DIEGO COUNTY,331029843,2019.0,92142,67806,0,167628,0,0,585432,0,820866
331029843_2018.0,INFO LINE OF SAN DIEGO COUNTY,331029843,2018.0,92142,5422,0,0,0,0,1437951,0,1443373
331029843_2017.0,INFO LINE OF SAN DIEGO COUNTY,331029843,2017.0,92123,68432,0,0,0,0,1291416,0,1359848
331029843_2016.0,INFO LINE OF SAN DIEGO COUNTY,331029843,2016.0,92123,61836,0,0,0,0,797617,0,859453
331029843_2015.0,INFO LINE OF SAN DIEGO COUNTY,331029843,2015.0,92123,0,0,148000,0,0,1442396,20500,1590396
331029843_2014.0,INFO LINE OF SAN DIEGO COUNTY,331029843,2014.0,92123,0,0,147250,0,0,565250,2675,712500
331029843_2013.0,INFO LINE OF SAN DIEGO COUNTY,331029843,2013.0,0,0,0,285459,0,0,1426616,14603,1712075
330902617_2021.0,SOLUTIONS FOR CHANGE INC,330902617,2021.0,92083,0,0,344910,0,578971,2752293,20111,3676174
330902617_2020.0,SOLUTIONS FOR CHANGE INC,330902617,2020.0,92083,0,0,10100,0,398625,2433828,0,2842553
330902617_2019.0,SOLUTIONS FOR CHANGE INC,330902617,2019.0,92083,0,0,155775,0,75000,1513911,95223,1744686
330902617_2018.0,SOLUTIONS FOR CHANGE INC,330902617,2018.0,92083,0,0,250677,0,200000,2319654,144589,2770331
330902617_2017.0,SOLUTIONS FOR CHANGE INC,330902617,2017.0,92083,0,0,33059,0,300000,1503790,0,1836849
330902617_2016.0,SOLUTIONS FOR CHANGE INC,330902617,2016.0,92083,0,0,163539,0,0,1694851,14192,1858390
330902617_2015.0,SOLUTIONS FOR CHANGE INC,330902617,2015.0,92083,0,0,649293,0,0,1231933,133368,1881226
330902617_2014.0,SOLUTIONS FOR CHANGE INC,330902617,2014.0,92083,0,0,737190,0,0,1407551,116236,2144741
951945256_2021.0,EPISCOPAL COMMUNITY SERVICES,951945256,2021.0,91950,0,0,194185,0,29144007,718360,0,30056552
951945256_2020.0,EPISCOPAL COMMUNITY SERVICES,951945256,2020.0,91950,0,0,151115,0,26417739,606991,0,27175845
951945256_2019.0,EPISCOPAL COMMUNITY SERVICES,951945256,2019.0,91950,0,0,168750,0,26628948,568432,76845,27366130
951945256_2018.0,EPISCOPAL COMMUNITY SERVICES,951945256,2018.0,91950,0,0,137949,0,25902728,527617,129159,26568294
951945256_2017.0,EPISCOPAL COMMUNITY SERVICES,951945256,2017.0,91950,0,0,124077,0,23934591,719216,0,24777884
951945256_2016.0,Episcopal Community Services,951945256,2016.0,91950,0,0,101625,0,22673613,301556,0,23076794
951945256_2015.0,Episcopal Community Services,951945256,2015.0,91950,0,0,51225,0,22100447,340084,0,22491756
951945256_2014.0,EPISCOPAL COMMUNITY SERVICES,951945256,2014.0,91950,2158,0,40700,0,21298296,289319,0,21630473
951945256_2013.0,EPISCOPAL COMMUNITY SERVICES,951945256,2013.0,0,2552,0,19000,0,19316434,323170,0,19661156
953031682_2020.0,ABLE-DISABLED ADVOCACY INC,953031682,2020.0,92105,0,0,0,0,1945475,284250,220883,2229725
953031682_2019.0,ABLE-DISABLED ADVOCACY INC,953031682,2019.0,92105,0,0,0,0,2019536,488151,404620,2507687
953031682_2018.0,ABLE-DISABLED ADVOCACY INC,953031682,2018.0,92105,0,0,0,0,1962090,377739,237256,2339829
953031682_2017.0,ABLE-DISABLED ADVOCACY INC,953031682,2017.0,92105,0,0,0,0,1996303,141338,49843,2137641
953031682_2016.0,ABLE-DISABLED ADVOCACY INC,953031682,2016.0,92105,0,0,0,0,0,2076118,0,2076118
953031682_2015.0,ABLE-DISABLED ADVOCACY INC,953031682,2015.0,92105,0,0,0,0,1677760,16974,0,1694734
953031682_2014.0,ABLE-DISABLED ADVOCACY INC,953031682,2014.0,92105,0,0,0,0,1698955,350076,0,2049031
953031682_2013.0,ABLE-DISABLED ADVOCACY INC,953031682,2013.0,0,0,0,0,0,1662856,304412,0,1967268
952693142_2021.0,SBCS CORPORATION,952693142,2021.0,91910,0,0,726095,0,82876281,3187139,144304,86789515
952693142_2020.0,SBCS CORPORATION,952693142,2020.0,91910,0,0,0,0,93767513,4511207,411334,98278720
952693142_2019.0,SOUTH BAY COMMUNITY SERVICES,952693142,2019.0,91910,0,0,165510,0,30495738,2038952,78823,32700200
952693142_2018.0,SOUTH BAY COMMUNITY SERVICES,952693142,2018.0,91910,0,0,230647,0,24769279,603727,148832,25603653
952693142_2017.0,SOUTH BAY COMMUNITY SERVICES,952693142,2017.0,91910,0,0,187711,0,23679156,505996,75340,24372863
952693142_2016.0,SOUTH BAY COMMUNITY SERVICES,952693142,2016.0,91910,0,0,158754,0,24108727,511375,194845,24778856
952693142_2015.0,SOUTH BAY COMMUNITY SERVICES,952693142,2015.0,91910,0,0,0,0,23412360,546969,278454,23959329
952693142_2014.0,SOUTH BAY COMMUNITY SERVICES,952693142,2014.0,91910,0,0,0,0,23927898,491641,189443,24419539
952693142_2013.0,SOUTH BAY COMMUNITY SERVICES,952693142,2013.0,0,0,0,149889,0,21811905,1018122,169822,22979916
261712580_2022.0,EQUALITY ALLIANCE OF SAN DIEGO,261712580,2022.0,92112,0,0,0,0,0,7171594,0,7171594
261712580_2021.0,EQUALITY ALLIANCE OF SAN DIEGO,261712580,2021.0,92112,0,0,72165,0,0,4616925,0,4689090
261712580_2020.0,Equality Alliance of San Diego County,261712580,2020.0,92112,0,5050,0,0,242800,4179440,0,4427290
261712580_2019.0,Equality Alliance of San Diego County,261712580,2019.0,92112,0,9365,0,0,0,1800844,0,1810209
261712580_2018.0,Equality Alliance of San Diego County,261712580,2018.0,92112,0,9375,0,0,0,2631980,0,2641355
261712580_2017.0,EQUALITY ALLIANCE OF SAN DIEGO COUNTY,261712580,2017.0,92112,0,0,0,0,0,1624468,0,1624468
261712580_2016.0,EQUALITY ALLIANCE OF SAN DIEGO COUNTY,261712580,2016.0,92112,0,0,0,0,0,2424704,0,2424704
261712580_2015.0,EQUALITY ALLIANCE OF SAN DIEGO COUNTY,261712580,2015.0,92112,0,0,0,0,0,1236342,0,1236342
261712580_2014.0,EQUALITY ALLIANCE OF SAN DIEGO COUNTY,261712580,2014.0,92112,0,0,0,0,0,1558845,0,1558845
261712580_2013.0,EQUALITY ALLIANCE OF SAN DIEGO COUNTY,261712580,2013.0,0,0,4050,0,0,0,1294766,0,1298816
953368020_2021.0,KIKU GARDENS INC,953368020,2021.0,91911,0,0,0,0,0,1600,0,1600
953368020_2020.0,Kiku Gardens Inc,953368020,2020.0,91911,0,0,0,0,0,500,0,500
953368020_2019.0,Kiku Gardens Inc,953368020,2019.0,91911,0,0,0,0,0,1375,0,1375
953368020_2018.0,Kiku Gardens Inc,953368020,2018.0,91911,0,0,0,0,0,4500,0,4500
953368020_2017.0,Kiku Gardens Inc,953368020,2017.0,91911,0,0,0,0,0,1301200,0,1301200
953368020_2016.0,Kiku Gardens Inc,953368020,2016.0,91911,0,0,0,0,0,0,0,0
953368020_2015.0,Kiku Gardens Inc,953368020,2015.0,91911,0,0,0,0,0,160,0,1285
953368020_2014.0,KIKU GARDENS INC,953368020,2014.0,91911,0,0,0,0,0,0,0,0
330317950_2021.0,COMMUNITY HOUSING WORKS,330317950,2021.0,92108,0,0,0,1275925,2407658,1487867,0,5171450
330317950_2020.0,COMMUNITY HOUSING WORKS,330317950,2020.0,92108,0,0,0,3252996,1628956,1364328,0,6246280
330317950_2019.0,COMMUNITY HOUSING WORKS,330317950,2019.0,92108,0,0,0,2915400,1426417,944973,0,5286790
330317950_2018.0,COMMUNITY HOUSING WORKS,330317950,2018.0,92108,0,0,0,0,5739760,988317,0,6728077
330317950_2017.0,COMMUNITY HOUSING WORKS,330317950,2017.0,92108,0,0,201036,0,847813,557296,0,1606145
330317950_2016.0,COMMUNITY HOUSING WORKS,330317950,2016.0,92108,0,0,178333,0,910318,501953,0,1590604
330317950_2015.0,COMMUNITY HOUSING WORKS,330317950,2015.0,92108,0,0,0,0,2257896,1355637,0,3613533
330317950_2014.0,COMMUNITY HOUSING WORKS,330317950,2014.0,92108,0,0,0,0,0,2127522,0,2127522
330317950_2013.0,COMMUNITY HOUSING WORKS,330317950,2013.0,0,0,0,0,0,0,3077285,0,3077285
330008269_2021.0,"ADJOIN
FORMERLY COMMUNITY CATALYSTS OF CA",330008269,2021.0,92123,0,0,0,0,11022640,15265,0,11037905
330008269_2020.0,COMMUNITY CATALYSTS OF CALIFORNIA,330008269,2020.0,92111,0,0,0,0,7508861,136902,0,7645763
330008269_2019.0,COMMUNITY CATALYSTS OF CALIFORNIA,330008269,2019.0,92111,0,0,0,0,4315826,18835,0,4334661
330008269_2018.0,COMMUNITY CATALYSTS OF CALIFORNIA,330008269,2018.0,92111,0,0,0,0,4486116,15457,0,4501573
330008269_2017.0,COMMUNITY CATALYSTS OF CALIFORNIA,330008269,2017.0,92111,0,0,0,0,4079963,13450,0,4093413
330008269_2016.0,COMMUNITY CATALYSTS OF CALIFORNIA,330008269,2016.0,92111,0,0,0,0,4117430,14732,0,4132162
330008269_2015.0,COMMUNITY CATALYSTS OF CALIFORNIA,330008269,2015.0,92111,0,0,0,0,2577779,15146,0,2592925
330008269_2014.0,COMMUNITY CATALYSTS OF CALIFORNIA,330008269,2014.0,92111,0,0,0,0,2111479,23405,0,2134884
330008269_2013.0,COMMUNITY CATALYSTS OF CALIFORNIA,330008269,2013.0,0,0,0,0,0,1057513,29269,0,1086782
952794253_2021.0,"North County Lifeline Inc
dba Lifeline Community Services",952794253,2021.0,92084,0,0,0,0,13405575,451714,223226,13857289
952794253_2020.0,"North County Lifeline Inc
dba Lifeline Community Services",952794253,2020.0,92056,0,0,0,0,13098737,679469,189639,13778206
952794253_2019.0,North County Lifeline Inc,952794253,2019.0,92056,0,0,0,0,12446965,392396,251569,12839361
952794253_2018.0,North County Lifeline Inc,952794253,2018.0,92056,0,0,0,0,10496439,353245,235480,10849684
952794253_2017.0,North County Lifeline Inc,952794253,2017.0,92056,0,0,0,0,9738384,287018,207107,10025402
952794253_2016.0,North County Lifeline Inc,952794253,2016.0,92056,0,0,0,0,7910489,269310,107107,8179799
952794253_2015.0,North County Lifeline Inc,952794253,2015.0,92056,0,0,0,0,7008292,156226,71467,7164518
952794253_2014.0,North County Lifeline Inc,952794253,2014.0,92056,0,0,0,0,6666125,112730,70794,6778855
821946283_2021.0,SDHC BUILDING OPPORTUNITIES INC,821946283,2021.0,92101,0,0,0,0,0,353094,0,353094
821946283_2020.0,SDHC BUILDING OPPORTUNITIES INC,821946283,2020.0,92101,0,0,0,0,0,116000,0,116000
821946283_2019.0,SDHC BUILDING OPPORTUNITIES INC,821946283,2019.0,92101,0,0,0,0,0,366114,0,366114
272917644_2021.0,Karen Organization of San Diego,272917644,2021.0,92105,0,0,0,0,298246,670453,0,968699
272917644_2020.0,Karen Organization of San Diego,272917644,2020.0,92105,0,0,0,0,123825,384902,0,508727
272917644_2019.0,Karen Organization of San Diego,272917644,2019.0,92105,0,0,0,0,0,169503,0,169503
272917644_2018.0,Karen Organization of San Diego,272917644,2018.0,92105,0,0,0,0,0,188071,0,188071
272917644_2017.0,Karen Organization of San Diego,272917644,2017.0,92105,0,0,0,0,0,132638,0,135526
272917644_2016.0,Karen Organization of San Diego,272917644,2016.0,92105,0,0,0,0,0,139470,0,139470
272917644_2015.0,Karen Organization of San Diego,272917644,2015.0,92105,0,0,0,0,0,103388,0,103388
953315571_2021.0,CASA DE AMPARO,953315571,2021.0,92069,0,0,583861,0,7481645,2820702,242271,10886208
953315571_2020.0,CASA DE AMPARO,953315571,2020.0,92069,0,0,330639,0,8632004,4259264,541051,13221907
953315571_2019.0,CASA DE AMPARO,953315571,2019.0,92069,0,0,128260,0,8253706,1511144,229425,9893110
953315571_2018.0,CASA DE AMPARO,953315571,2018.0,92069,0,0,119380,0,402566,1441065,319577,1963011
953315571_2017.0,CASA DE AMPARO,953315571,2017.0,92069,1924,0,14888,0,5669765,1737039,408738,7423616
953315571_2016.0,CASA DE AMPARO,953315571,2016.0,92069,11487,0,225830,0,222038,3348922,486662,3808277
953315571_2015.0,CASA DE AMPARO,953315571,2015.0,92069,14662,0,337599,0,191203,2208953,424543,2752417
953315571_2014.0,CASA DE AMPARO,953315571,2014.0,92069,21271,0,406648,0,0,1819359,526420,2247278
953315571_2013.0,CASA DE AMPARO,953315571,2013.0,0,19803,0,352886,0,0,1568835,376849,1941524
953244085_2021.0,NEW ALTERNATIVES INC,953244085,2021.0,92163,0,0,0,0,0,205330,0,205330
953244085_2020.0,NEW ALTERNATIVES INC,953244085,2020.0,92163,0,0,0,0,0,138850,0,138850
953244085_2019.0,NEW ALTERNATIVESINC,953244085,2019.0,92163,0,0,0,0,0,291658,0,291658
953244085_2018.0,NEW ALTERNATIVESINC,953244085,2018.0,92163,0,0,0,0,0,390047,0,390047
953244085_2017.0,NEW ALTERNATIVESINC,953244085,2017.0,92163,0,0,0,0,29308,741356,0,770664
953244085_2016.0,NEW ALTERNATIVESINC,953244085,2016.0,92163,0,0,0,0,0,274792,0,274792
953244085_2015.0,NEW ALTERNATIVESINC,953244085,2015.0,92163,0,0,0,0,0,467092,0,467092
953244085_2014.0,NEW ALTERNATIVESINC,953244085,2014.0,92163,0,0,0,0,0,347574,22000,347574
953244085_2013.0,NEW ALTERNATIVESINC,953244085,2013.0,0,0,0,0,0,0,414625,0,414625
330618893_2018.0,ESCONDIDO GARDENS HOUSING FOUNDATION,330618893,2018.0,92127,0,0,0,0,59823,0,0,59823
330618893_2017.0,ESCONDIDO GARDENS HOUSING FOUNDATION,330618893,2017.0,92127,0,0,0,0,59524,0,0,59524
330618893_2016.0,ESCONDIDO GARDENS HOUSING FOUNDATION,330618893,2016.0,92127,0,0,0,0,58030,0,0,58030
330618893_2015.0,ESCONDIDO GARDENS HOUSING FOUNDATION,330618893,2015.0,92127,0,0,0,0,56783,0,0,56783
330618893_2014.0,ESCONDIDO GARDENS HOUSING FOUNDATION,330618893,2014.0,92127,0,0,0,0,55753,0,0,55753
330492304_2021.0,SVDP Management Inc,330492304,2021.0,921023332,0,0,0,0,1563590,6337890,5901007,7901480
330492304_2020.0,SVDP MANAGEMENT INC,330492304,2020.0,921023332,0,0,0,0,4472823,5016886,4787018,9489709
330492304_2019.0,SVDP MANAGEMENT INC,330492304,2019.0,921023332,0,0,0,0,578517,15544341,5811788,16122858
330492304_2018.0,SVDP MANAGEMENT INC,330492304,2018.0,921023332,0,0,0,0,102020,2137155,2067214,2239175
330492304_2017.0,SVDP MANAGEMENT INC,330492304,2017.0,921023332,0,0,0,0,279676,6295355,5923230,6575031
330492304_2016.0,SVDP Management Inc,330492304,2016.0,921023332,0,0,0,0,242055,2887758,2649029,3129813
330492304_2015.0,SVDP MANAGEMENT INC,330492304,2015.0,921023332,0,0,0,0,560794,2189344,2070609,2750138
330492304_2014.0,SVDP MANAGEMENT INC,330492304,2014.0,921023332,0,0,0,0,53414,4343339,3008521,4396753
330492304_2013.0,SVDP MANAGEMENT INC,330492304,2013.0,0,0,0,0,0,31775,3870896,3306989,3902671
952653869_2021.0,CRASH INC,952653869,2021.0,92108,0,0,0,0,4752251,13877,0,4766128
952653869_2020.0,CRASH INC,952653869,2020.0,92108,0,0,0,0,0,12102,0,12102
952653869_2019.0,CRASH Inc,952653869,2019.0,92108,0,0,0,0,0,10140,0,10140
952653869_2018.0,CRASH Inc,952653869,2018.0,92108,0,0,0,0,0,19567,0,19567
952653869_2017.0,CRASH Inc,952653869,2017.0,92108,0,0,0,0,0,5869,0,5869
952653869_2016.0,CRASH Inc,952653869,2016.0,92108,0,0,0,0,0,10393,0,10393
952653869_2015.0,CRASH Inc,952653869,2015.0,92108,0,0,0,0,0,12407,0,12407
952653869_2014.0,CRASH Inc,952653869,2014.0,92108,0,0,0,0,0,2979,0,2979
952653869_2013.0,CRASH Inc,952653869,2013.0,0,0,0,0,0,0,12130,0,12130
952039198_2021.0,YMCA OF SAN DIEGO COUNTY,952039198,2021.0,92123,0,0,111000,162000,122845000,8442000,517000,131560000
952039198_2020.0,YMCA OF SAN DIEGO COUNTY,952039198,2020.0,92123,0,0,461000,0,131804000,37728000,2305000,169532000
952039198_2019.0,YMCA OF SAN DIEGO COUNTY,952039198,2019.0,92123,0,0,0,0,103823000,20816000,0,124639000
952039198_2018.0,YMCA OF SAN DIEGO COUNTY,952039198,2018.0,92123,0,0,0,0,92115000,11971000,440000,104086000
952039198_2017.0,YMCA OF SAN DIEGO COUNTY,952039198,2017.0,92123,0,0,0,0,79369000,15066000,0,94435000
952039198_2016.0,YMCA OF SAN DIEGO COUNTY,952039198,2016.0,92123,0,0,0,0,66857000,16797000,1985000,83654000
952039198_2015.0,YMCA OF SAN DIEGO COUNTY,952039198,2015.0,92123,0,0,0,0,59368000,15803000,0,75171000
952039198_2014.0,YMCA OF SAN DIEGO COUNTY,952039198,2014.0,92123,0,0,0,0,52614000,12983000,731000,65597000
952039198_2013.0,YMCA OF SAN DIEGO COUNTY,952039198,2013.0,0,0,0,0,0,45948000,0,7030000,68593000
953837714_2021.0,Interfaith Community Services Inc,953837714,2021.0,92025,0,0,0,0,1841932,7012518,686697,8854450
953837714_2020.0,Interfaith Community Services Inc,953837714,2020.0,92025,0,0,0,0,0,8230080,609510,8230080
953837714_2019.0,Interfaith Community Services Inc,953837714,2019.0,92025,371,0,0,0,0,7188385,840491,7188756
953837714_2018.0,Interfaith Community Services Inc,953837714,2018.0,92025,7874,0,0,0,0,4659335,931132,4667209
953837714_2017.0,Interfaith Community Services Inc,953837714,2017.0,92025,2794,0,0,0,0,6715132,859409,6717926
953837714_2016.0,Interfaith Community Services Inc,953837714,2016.0,92025,2721,0,0,0,0,8376642,790662,8379363
953837714_2015.0,Interfaith Community Services Inc,953837714,2015.0,92025,2401,0,0,0,0,4366929,635553,4369330
953837714_2014.0,Interfaith Community Services Inc,953837714,2014.0,92025,3029,0,0,0,0,4472449,665579,4475478
953837714_2013.0,INTERFAITH COMMUNITY SERVICES INC,953837714,2013.0,0,6806,0,0,0,0,3613283,887487,3620089
113723093_2020.0,REGIONAL TASK FORCE ON THE HOMELESS,113723093,2020.0,92123,0,0,0,0,17841834,183535,0,18025369
113723093_2019.0,REGIONAL TASK FORCE ON THE HOMELESS,113723093,2019.0,92123,0,0,0,0,9344677,182239,0,9526916
113723093_2018.0,REGIONAL TASK FORCE ON THE HOMELESS,113723093,2018.0,92123,0,0,0,0,2505451,865020,0,3370471
113723093_2017.0,REGIONAL TASK FORCE ON THE HOMELESS,113723093,2017.0,92123,0,0,0,0,2021667,738875,0,2760542
113723093_2016.0,Regional Task Force on the Homeless,113723093,2016.0,92123,0,6677,0,0,1922156,65214,0,1994047
113723093_2015.0,Regional Task Force on the Homeless,113723093,2015.0,92123,0,0,0,0,1110060,47330,0,1157390
113723093_2014.0,Regional Task Force on the Homeless Inc,113723093,2014.0,92123,0,0,0,0,991765,94796,0,1086561
330602842_2021.0,The Association for Community Housing Solutions,330602842,2021.0,92123,0,0,0,0,1659718,27280,0,1686998
330602842_2020.0,TACHS,330602842,2020.0,92123,0,0,0,0,1598008,25316,0,1623324
951944230_2020.0,VISTA HILL FOUNDATION,951944230,2020.0,92123,0,0,0,421222,0,0,0,421222
951944230_2019.0,VISTA HILL FOUNDATION,951944230,2019.0,92123,0,0,0,829467,0,0,0,829467
951944230_2018.0,VISTA HILL FOUNDATION,951944230,2018.0,92123,0,0,0,519227,0,50000,0,569227
951944230_2017.0,VISTA HILL FOUNDATION,951944230,2017.0,92123,0,0,0,1143385,0,0,0,1143385
951944230_2016.0,VISTA HILL FOUNDATION,951944230,2016.0,92123,0,0,0,1144538,0,25000,0,1169538
951944230_2015.0,VISTA HILL FOUNDATION,951944230,2015.0,92123,0,0,0,1081289,0,0,0,1081289
951944230_2014.0,VISTA HILL FOUNDATION,951944230,2014.0,92123,0,0,0,1164736,0,0,0,1164736
951944230_2013.0,VISTA HILL FOUNDATION,951944230,2013.0,0,0,0,0,833367,0,0,0,833367
465055513_2021.0,URBAN STREET ANGELS INC,465055513,2021.0,92101,0,0,0,0,3099056,482512,0,3581568
465055513_2020.0,URBAN STREET ANGELS INC,465055513,2020.0,92101,0,0,0,0,2397198,225223,0,2622421
465055513_2019.0,URBAN STREET ANGELS INC,465055513,2019.0,92101,0,0,0,0,1597401,414072,0,2011473
465055513_2018.0,URBAN STREET ANGELS INC,465055513,2018.0,92101,0,0,24381,0,713895,112174,0,850450
330433314_2021.0,NATIONAL CONFLICT RESOLUTION CENTER,330433314,2021.0,92101,0,0,521275,0,598626,970523,142849,2090424
330433314_2020.0,NATIONAL CONFLICT RESOLUTION CENTER,330433314,2020.0,92101,0,0,1200,0,462250,2067172,15150,2530622
330433314_2019.0,National Conflict Resolution Center,330433314,2019.0,92101,0,0,0,0,1178817,986074,0,2164891
951869806_2021.0,LEGAL AID SOCIETY OF SAN DIEGO,951869806,2021.0,92114,1540,0,0,0,20005029,372324,6675,20378893
951869806_2020.0,LEGAL AID SOCIETY OF SAN DIEGO,951869806,2020.0,92114,2330,0,0,0,16520044,2875583,0,19397957
951869806_2019.0,LEGAL AID SOCIETY OF SAN DIEGO,951869806,2019.0,92114,1859,0,0,0,14166199,2669644,0,16837702
951869806_2018.0,LEGAL AID SOCIETY OF SAN DIEGO,951869806,2018.0,92114,3151,0,0,0,13243289,3568421,0,16814861
951869806_2017.0,LEGAL AID SOCIETY OF SAN DIEGO,951869806,2017.0,92114,3609,0,15000,0,12367467,3883995,0,16270071
951869806_2016.0,LEGAL AID SOCIETY OF SAN DIEGO,951869806,2016.0,92114,1677,0,10000,0,12558042,4108352,19250,16678071
951869806_2015.0,LEGAL AID SOCIETY OF SAN DIEGO,951869806,2015.0,92114,2336,0,0,0,13495410,5125303,9234,18623049
951869806_2014.0,LEGAL AID SOCIETY OF SAN DIEGO,951869806,2014.0,92114,3514,0,0,0,12988512,3613017,0,16605043
951869806_2013.0,LEGAL AID SOCIETY OF SAN DIEGO,951869806,2013.0,0,4012,0,0,0,10148597,3759271,0,13911880
953649525_2020.0,"VIETNAM VETERANS OF SAN DIEGO
DBA VETERANS VILLAGE OF SAN DIEGO",953649525,2020.0,92110,0,0,0,0,17344646,919709,140090,18264355
953649525_2019.0,"VIETNAM VETERANS OF SAN DIEGO
DBA VETERANS VILLAGE OF SAN DIEGO",953649525,2019.0,92110,0,0,108285,0,14550486,2660409,90700,17319180
953649525_2018.0,"VIETNAM VETERANS OF SAN DIEGO
DBA VETERANS VILLAGE OF SAN DIEGO",953649525,2018.0,92110,0,0,0,0,12226507,1663160,68633,13889667
953649525_2017.0,"VIETNAM VETERANS OF SAN DIEGO
DBA VETERANS VILLAGE OF SAN DIEGO",953649525,2017.0,92110,0,0,0,0,10390777,2934365,37484,13325142
953649525_2016.0,"VIETNAM VETERANS OF SAN DIEGO
DBA VETERANS VILLAGE OF SAN DIEGO",953649525,2016.0,921102030,0,0,0,0,8454663,1317986,466769,9772649
953649525_2015.0,"VIETNAM VETERANS OF SAN DIEGO
DBA VETERANS VILLAGE OF SAN DIEGO",953649525,2015.0,921102030,0,0,0,0,8368757,1746395,1086348,10115152
953649525_2014.0,"VIETNAM VETERANS OF SAN DIEGO
DBA VETERANS VILLAGE OF SAN DIEGO",953649525,2014.0,921102030,0,0,0,0,8258604,1206648,145562,9465252
953649525_2013.0,"VIETNAM VETERANS OF SAN DIEGO
DBA VETERANS VILLAGE OF SAN DIEGO",953649525,2013.0,0,0,0,0,0,8169126,1974080,124165,10143206
952422704_2021.0,ACCESS INC,952422704,2021.0,92111,0,0,0,0,2333269,400608,0,2733877
952422704_2020.0,ACCESS INC,952422704,2020.0,92111,0,0,0,0,2479269,346767,0,2826036
952422704_2019.0,Access,952422704,2019.0,92111,0,0,0,0,3237974,54220,0,3292194
952422704_2018.0,Access Inc,952422704,2018.0,92111,0,0,0,0,3128388,155665,0,3284053
952422704_2017.0,Access Inc,952422704,2017.0,92111,0,0,0,0,2983795,229551,0,3213346
952422704_2016.0,Access Inc,952422704,2016.0,92111,0,0,0,0,3075472,205477,0,3280949
952422704_2015.0,Access Inc,952422704,2015.0,92111,0,0,0,0,2146844,142987,0,2289831
952422704_2014.0,Access Inc,952422704,2014.0,92111,0,0,0,0,1945811,158587,0,2104398
952422704_2013.0,Access Inc,952422704,2013.0,0,0,0,0,0,1846857,11901,0,1858758
270447059_2021.0,DREAMS FOR CHANGE INC,270447059,2021.0,92176,0,0,0,0,845519,229074,0,1074593
270447059_2020.0,DREAMS FOR CHANGE INC,270447059,2020.0,92176,0,0,0,0,717584,434903,0,1152487
270447059_2019.0,Dreams for Change,270447059,2019.0,92176,0,0,0,0,600504,421536,0,1022040
270447059_2018.0,Dreams for Change,270447059,2018.0,92176,0,0,0,0,345041,492397,0,837438
270447059_2017.0,Dreams for Change,270447059,2017.0,92176,0,0,0,0,13723,589875,0,603598
270447059_2016.0,Dreams for Change,270447059,2016.0,92176,0,0,0,0,0,367905,0,367905
270447059_2015.0,Dreams for Change,270447059,2015.0,92176,0,0,0,0,0,363988,0,363988
270447059_2014.0,Dreams for Change,270447059,2014.0,92176,0,0,0,0,0,206298,0,206298
270447059_2013.0,Dreams for Change,270447059,2013.0,0,0,0,0,0,23051,82706,0,105757
263405689_2021.0,GENERATEHOPE INC,263405689,2021.0,92108,0,0,159532,0,321341,2444340,61751,2925213
263405689_2020.0,GENERATEHOPE INC,263405689,2020.0,92108,0,0,133830,0,60934,1162044,76861,1356808
263405689_2019.0,GENERATEHOPE INC,263405689,2019.0,92108,0,0,190000,0,61264,871044,53273,1122308
263405689_2018.0,GENERATEHOPE INC,263405689,2018.0,92108,0,0,204598,0,65995,1195492,317578,1466085
263405689_2017.0,GENERATEHOPE INC,263405689,2017.0,92108,0,0,139870,0,83947,705417,149318,929234
263405689_2016.0,GENERATEHOPE INC,263405689,2016.0,92108,0,0,0,0,52000,971973,736500,1023973
263405689_2015.0,GENERATEHOPE INC,263405689,2015.0,92108,0,0,0,0,153154,559739,0,725208
263405689_2014.0,GENERATEHOPE INC,263405689,2014.0,92108,0,0,0,0,100000,227478,0,327478
263405689_2013.0,GENERATEHOPE INC,263405689,2013.0,0,0,0,0,0,100000,179228,0,279228
331146733_2022.0,THINK DIGNITY,331146733,2022.0,92104,0,0,63722,0,213571,256658,19922,533951
331146733_2021.0,THINK DIGNITY,331146733,2021.0,92104,0,0,45695,0,189346,273056,63404,508097
331146733_2020.0,THINK DIGNITY,331146733,2020.0,92104,0,0,0,0,217312,305452,37406,522764
331146733_2019.0,THINK DIGNITY,331146733,2019.0,92104,0,0,48628,0,129001,125440,43807,303069
331146733_2018.0,THINK DIGNITY,331146733,2018.0,92104,0,0,33682,0,114747,324226,25426,472655
331146733_2017.0,THINK DIGNITY,331146733,2017.0,92104,0,4925,11158,0,106172,255771,0,381968
331146733_2016.0,Think Dignity,331146733,2016.0,92104,0,3445,20231,0,121084,114551,11272,259311
331146733_2014.0,Girls Think Tank,331146733,2014.0,92101,0,8885,0,0,0,94368,0,103253
953140767_2021.0,"MCALISTER INSTITUTE FOR TREATMENT &
EDUCATION INC",953140767,2021.0,920201651,0,0,0,0,32228251,0,0,32228251
953140767_2020.0,"MCALISTER INSTITUTE FOR TREATMENT &
EDUCATION INC",953140767,2020.0,920201651,0,0,0,0,33156996,0,0,33156996
953140767_2019.0,"MCALISTER INSTITUTE FOR TREATMENT &
EDUCATION INC",953140767,2019.0,920201651,0,0,0,0,26829832,0,0,26829832
953140767_2018.0,"MCALISTER INSTITUTE FOR TREATMENT &
EDUCATION INC",953140767,2018.0,920201651,0,0,0,0,20728534,0,0,20728534
953140767_2017.0,"MCALISTER INSTITUTE FOR TREATMENT &
EDUCATION INC",953140767,2017.0,920201651,0,0,0,0,15375695,0,0,15375695
953140767_2016.0,"MCALISTER INSTITUTE FOR TREATMENT &
EDUCATION INC",953140767,2016.0,920201651,0,0,0,0,11827666,0,0,11827666
953140767_2015.0,"MCALISTER INSTITUTE FOR TREATMENT &
EDUCATION INC",953140767,2015.0,920201651,0,0,0,0,9361362,0,0,9361362
953140767_2014.0,MCALISTER INSTITUTE FOR TREATMENT & EDUCATION INC,953140767,2014.0,920201651,0,0,0,0,8713650,0,0,8713650
953140767_2013.0,MCALISTER INSTITUTE FOR TREATMENT & EDUCATION INC,953140767,2013.0,0,0,0,0,0,0,8109852,0,8109852
953138268_2021.0,HOME START INC,953138268,2021.0,92108,0,0,96200,0,9547671,2417336,49427,12061207
953138268_2020.0,HOME START INC,953138268,2020.0,92108,0,0,148040,0,9010990,1979791,53907,11138821
953138268_2019.0,HOME START INC,953138268,2019.0,92108,0,0,116759,0,6289693,1628594,110061,8035046
953138268_2018.0,HOME START INC,953138268,2018.0,92108,0,0,157560,0,4585241,734168,91413,5476969
953138268_2017.0,HOME START INC,953138268,2017.0,92108,0,0,128764,0,4647050,915600,470035,5691414
953138268_2016.0,HOME START INC,953138268,2016.0,92108,0,0,124963,0,4427963,1709373,529998,6262299
953138268_2015.0,HOME START INC,953138268,2015.0,92108,0,0,60824,0,4395128,2181271,650718,6637223
953138268_2014.0,HOME START INC,953138268,2014.0,92108,0,0,0,0,3856122,2530596,504545,6386718
953497926_2021.0,COMMUNITY RESOURCE CENTER,953497926,2021.0,92024,0,0,114007,0,3001809,1691815,1049099,4807631
953497926_2020.0,COMMUNITY RESOURCE CENTER,953497926,2020.0,92024,0,0,77637,0,3252755,4043651,1035391,7374043
953497926_2019.0,COMMUNITY RESOURCE CENTER,953497926,2019.0,92024,0,0,301149,0,2338255,2490058,627749,5129462
953497926_2018.0,COMMUNITY RESOURCE CENTER,953497926,2018.0,92024,347,0,68811,0,1526759,1422107,614244,3018024
953497926_2017.0,COMMUNITY RESOURCE CENTER,953497926,2017.0,92024,158,0,73475,0,1305024,1827504,548988,3206161
953497926_2016.0,COMMUNITY RESOURCE CENTER,953497926,2016.0,92024,1043,0,0,0,1074638,1221054,43662,2301695
953497926_2015.0,Community Resource Center,953497926,2015.0,92024,2081,0,178433,0,877544,1118465,37633,2176523
953497926_2014.0,COMMUNITY RESOURCE CENTER,953497926,2014.0,92024,4086,0,151650,0,112385,1775827,2977,2043948
953497926_2013.0,COMMUNITY RESOURCE CENTER,953497926,2013.0,0,5786,0,58671,0,1215256,1231633,13786,2511346
952157559_2021.0,PATHFINDERS OF SAN DIEGO,952157559,2021.0,92104,0,0,0,0,1752444,86334,0,1838778
952157559_2020.0,PATHFINDERS OF SAN DIEGO,952157559,2020.0,92104,0,0,0,0,1582762,49186,0,1631948
952157559_2019.0,PATHFINDERS OF SAN DIEGO,952157559,2019.0,92104,0,0,0,0,1191318,5658,0,1196976
952157559_2018.0,PATHFINDERS OF SAN DIEGO,952157559,2018.0,92104,0,0,0,0,1174540,88694,0,1263234
952157559_2017.0,PATHFINDERS OF SAN DIEGO,952157559,2017.0,92104,0,0,0,0,544103,44220,0,588323
952157559_2016.0,PATHFINDERS OF SAN DIEGO,952157559,2016.0,92104,0,0,0,0,460914,165917,0,626831
952157559_2015.0,PATHFINDERS OF SAN DIEGO,952157559,2015.0,92104,0,0,0,0,484499,37895,0,522394
952157559_2014.0,PATHFINDERS OF SAN DIEGO,952157559,2014.0,92104,0,0,0,0,482738,52975,0,535713
330006089_2021.0,Deaf Community Services of San Diego Inc,330006089,2021.0,92108,1801,0,0,0,1870912,70092,0,1942805
330006089_2020.0,Deaf Community Services of San Diego Inc,330006089,2020.0,92108,1980,0,0,0,1942352,134573,0,2078905
330006089_2019.0,Deaf Community Services of San Diego Inc,330006089,2019.0,92108,2787,0,0,0,2656426,144693,0,2803906
330006089_2018.0,Deaf Community Services of San Diego Inc,330006089,2018.0,92108,3178,0,34205,0,2111657,165828,0,2314868
330006089_2017.0,Deaf Community Services of San Diego Inc,330006089,2017.0,92108,2240,0,0,0,1438267,124495,0,1565002
330217339_2021.0,CRISIS HOUSE,330217339,2021.0,92071,0,0,0,0,2812646,0,74537,2812646
330217339_2020.0,CRISIS HOUSE,330217339,2020.0,92071,0,0,0,0,1923024,491981,49511,2415005
330217339_2019.0,Crisis House,330217339,2019.0,92020,0,0,0,0,1933389,437262,74525,2370651
330217339_2018.0,Crisis House,330217339,2018.0,92020,0,0,10770,0,1424698,512193,118107,1947661
330217339_2017.0,Crisis House,330217339,2017.0,92020,0,0,0,0,1433825,346726,183702,1780551
330217339_2016.0,Crisis House,330217339,2016.0,92020,0,0,0,0,802795,342525,189186,1145320
330217339_2015.0,Crisis House,330217339,2015.0,92020,0,0,0,0,756702,273265,169610,1029967
330217339_2014.0,Crisis House,330217339,2014.0,92020,0,0,0,0,761869,273527,164026,1035396
330217339_2013.0,Crisis House,330217339,2013.0,0,0,0,0,0,789054,207241,151705,996295
953950196_2021.0,PATH,953950196,2021.0,90004,0,0,2021876,0,102856183,12424824,3290463,117302883
953950196_2020.0,PATH,953950196,2020.0,90004,0,0,2014718,0,90762040,8823906,2984796,101600664
953950196_2019.0,PEOPLE ASSISTING THE HOMELESS (PATH),953950196,2019.0,90004,0,0,1396211,0,65986770,8928718,2559870,76311699
953950196_2018.0,PATH (PEOPLE ASSISTING THE HOMELESS),953950196,2018.0,90004,0,0,1610529,0,31146536,6280302,2590243,39037367
953950196_2017.0,PEOPLE ASSISTING THE HOMELESS (PATH),953950196,2017.0,90004,0,0,1365374,0,27838533,6808261,0,36012168
953950196_2016.0,PEOPLE ASSISTING THE HOMELESS (PATH),953950196,2016.0,90004,0,0,814730,0,24298231,5011062,0,30124023
953950196_2015.0,PEOPLE ASSISTING THE HOMELESS (PATH),953950196,2015.0,90004,0,0,1093424,0,24266426,8493506,0,33853356
953950196_2014.0,PEOPLE ASSISTING THE HOMELESS (PATH),953950196,2014.0,90004,0,0,797711,0,15034116,6112616,0,21944443
953950196_2013.0,PEOPLE ASSISTING THE HOMELESS (PATH),953950196,2013.0,0,0,0,890986,0,10971394,3267436,0,15129816
330497515_2021.0,Las Palmas Foundation,330497515,2021.0,92024,0,0,0,0,0,0,0,0
330497515_2020.0,Las Palmas Foundation,330497515,2020.0,92024,0,0,0,0,0,0,0,0
330497515_2019.0,Las Palmas Foundation,330497515,2019.0,92024,0,0,0,0,0,600,0,600
330497515_2018.0,Las Palmas Foundation,330497515,2018.0,92024,0,0,0,0,0,300,0,300
330497515_2017.0,Las Palmas Foundation,330497515,2017.0,92024,0,0,0,0,0,550,0,550
330497515_2016.0,Las Palmas Foundation,330497515,2016.0,92024,0,0,0,0,0,0,0,0
330497515_2015.0,Las Palmas Foundation,330497515,2015.0,92024,0,0,0,0,149000,0,0,149000
330497515_2014.0,Las Palmas Foundation,330497515,2014.0,92024,0,0,0,0,47171,0,0,47171
330497515_2013.0,LAS PALMAS FOUNDATION,330497515,2013.0,0,0,0,0,0,357902,0,0,357902
931008369_2021.0,ALLIANCE FOR AFRICAN ASSISTANCE,931008369,2021.0,92115,0,0,0,0,0,695967,18000,695967
931008369_2020.0,ALLIANCE FOR AFRICAN ASSISTANCE,931008369,2020.0,92115,0,0,0,0,175000,127017,0,302017
931008369_2019.0,ALLIANCE FOR AFRICAN ASSISTANCE,931008369,2019.0,92115,0,0,42454,0,0,101691,0,144145
931008369_2018.0,ALLIANCE FOR AFRICAN ASSISTANCE,931008369,2018.0,92115,0,0,0,0,0,145494,0,145494
931008369_2017.0,ALLIANCE FOR AFRICAN ASSISTANCE,931008369,2017.0,92115,0,0,6304,0,0,82574,0,88878
931008369_2016.0,ALLIANCE FOR AFRICAN ASSISTANCE,931008369,2016.0,92115,0,0,0,0,0,116000,0,116000
931008369_2015.0,ALLIANCE FOR AFRICAN ASSISTANCE,931008369,2015.0,92115,0,0,0,0,0,79620,0,79620
237161267_2021.0,SOUTHERN CALIFORNIA TRIBAL CHAIRMENS ASSOCIATION,237161267,2021.0,92082,0,0,0,0,19481149,5513833,142150,24994982
237161267_2020.0,SOUTHERN CALIFORNIA TRIBAL CHAIRMENS ASSOCIATION,237161267,2020.0,92082,0,0,0,0,15254349,4040759,83169,19295108
237161267_2019.0,SOUTHERN CALIFORNIA TRIBAL CHAIRMENS ASSOCIATION,237161267,2019.0,92082,0,0,0,0,16187588,3801316,109457,19988904
237161267_2018.0,SOUTHERN CALIFORNIA TRIBAL CHAIRMENS ASSOCIATION,237161267,2018.0,92082,0,0,0,0,15031002,3433623,159069,18464625
237161267_2017.0,SOUTHERN CALIFORNIA TRIBAL CHAIRMENS ASSOCIATION,237161267,2017.0,92082,0,0,0,0,14642740,3301262,142164,17944002
237161267_2016.0,SOUTHERN CALIFORNIA TRIBAL CHAIRMENS ASSOCIATION,237161267,2016.0,92082,0,0,0,0,14998644,2860730,138656,17859374
237161267_2015.0,SOUTHERN CALIFORNIA TRIBAL CHAIRMENS ASSOCIATION,237161267,2015.0,92082,0,0,0,0,15121712,2746407,137017,17868119
237161267_2014.0,Southern California Tribal Chairmens Association,237161267,2014.0,92082,0,0,0,0,14582040,2690773,136381,17272813
237161267_2013.0,Southern California Tribal Chairmens Association,237161267,2013.0,0,0,0,0,0,14784217,2782242,136516,17566459
953248148_2021.0,COMMUNITY RESEARCH FOUNDATION INC,953248148,2021.0,92110,0,0,0,0,74600506,24498,0,74625004
953248148_2020.0,COMMUNITY RESEARCH FOUNDATION INC,953248148,2020.0,92110,0,0,0,0,73708400,74747,0,73783147
953248148_2019.0,COMMUNITY RESEARCH FOUNDATION INC,953248148,2019.0,92110,0,0,0,0,75268724,49776,0,75318500
953248148_2018.0,COMMUNITY RESEARCH FOUNDATION INC,953248148,2018.0,92110,0,0,0,0,67698783,40892,0,67739675
953248148_2017.0,COMMUNITY RESEARCH FOUNDATION INC,953248148,2017.0,92110,0,0,0,0,60139803,45233,0,60185036
953248148_2016.0,COMMUNITY RESEARCH FOUNDATION INC,953248148,2016.0,92110,0,0,0,0,53517314,36320,0,53553634
953248148_2015.0,COMMUNITY RESEARCH FOUNDATION INC,953248148,2015.0,92110,0,0,0,0,47272420,23961,0,47296381
953248148_2014.0,COMMUNITY RESEARCH FOUNDATION INC,953248148,2014.0,92110,0,0,0,0,42669457,25407,0,42694864
953248148_2013.0,Community Research Foundation Inc,953248148,2013.0,0,0,0,0,0,0,24777,0,24777
953302967_2021.0,MENTAL HEALTH SYSTEMS INC,953302967,2021.0,92123,0,0,0,0,93554678,271291,0,93825969
953302967_2020.0,MENTAL HEALTH SYSTEMS INC,953302967,2020.0,92123,0,0,0,0,98611907,25197,0,98637104
953302967_2019.0,MENTAL HEALTH SYSTEMS INC,953302967,2019.0,92123,0,0,0,0,90049407,32870,0,90082277
953302967_2018.0,MENTAL HEALTH SYSTEMS INC,953302967,2018.0,92123,0,0,0,0,71062143,77961,0,71140104
953302967_2017.0,MENTAL HEALTH SYSTEMS INC,953302967,2017.0,92123,0,0,0,0,61935444,79120,0,62014564
953302967_2016.0,Mental Health Systems Inc,953302967,2016.0,92123,0,0,0,0,62030562,78628,0,62109190
953302967_2015.0,MENTAL HEALTH SYSTEMS INC,953302967,2015.0,92123,0,0,0,0,67248615,281825,0,67530440
953302967_2014.0,MENTAL HEALTH SYSTEMS INC,953302967,2014.0,92123,0,0,0,0,72132439,267385,0,72399824
953302967_2013.0,MENTAL HEALTH SYSTEMS INC,953302967,2013.0,0,0,0,0,0,0,109691,0,140328
822363154_2021.0,VOICES OF OUR CITY CHOIR INC,822363154,2021.0,92112,0,0,0,0,98522,524278,17583,622800
822363154_2020.0,Voices of Our City Choir Inc,822363154,2020.0,92112,0,0,0,0,70500,330590,0,401090
822363154_2019.0,Voices of Our City Choir Inc,822363154,2019.0,92112,0,0,0,0,0,237154,0,237154
330623634_2021.0,TOWNSPEOPLE,330623634,2021.0,92104,0,0,0,0,1404789,301693,0,1706482
330623634_2020.0,TOWNSPEOPLE,330623634,2020.0,92103,0,0,0,0,1222446,118579,0,1341025
330623634_2019.0,TOWNSPEOPLE,330623634,2019.0,92103,0,0,0,0,1043179,25747,0,1068926
330623634_2018.0,TOWNSPEOPLE,330623634,2018.0,92103,0,0,0,0,830118,128187,0,958305
330623634_2017.0,TOWNSPEOPLE,330623634,2017.0,92103,0,0,0,0,685289,18984,3430,704273
330623634_2016.0,TOWNSPEOPLE,330623634,2016.0,92103,0,0,0,0,732642,14274,0,746916
330623634_2015.0,TOWNSPEOPLE,330623634,2015.0,92103,0,0,0,0,450427,16277,0,466704
330623634_2014.0,TOWNSPEOPLE,330623634,2014.0,92103,0,0,0,0,326207,44853,0,371060
330623634_2013.0,TOWNSPEOPLE,330623634,2013.0,0,0,0,0,0,595951,35474,0,631425
952880426_2021.0,ELDERHELP OF SAN DIEGO,952880426,2021.0,92123,0,0,105366,0,451724,791373,10245,1348463
952880426_2020.0,ELDERHELP OF SAN DIEGO,952880426,2020.0,92123,0,0,109324,0,574130,1219917,37648,1903371
952880426_2019.0,ELDERHELP OF SAN DIEGO,952880426,2019.0,92123,0,0,51009,0,318368,1075276,34594,1444653
952880426_2018.0,ELDERHELP OF SAN DIEGO,952880426,2018.0,92123,0,0,53375,0,313363,762231,37263,1128969
952880426_2016.0,ELDERHELP OF SAN DIEGO,952880426,2016.0,92123,0,0,42430,0,357117,1052228,0,1451775
952880426_2015.0,ELDERHELP OF SAN DIEGO,952880426,2015.0,92123,0,0,40155,0,345108,916212,0,1301475
952880426_2014.0,ELDERHELP OF SAN DIEGO INC,952880426,2014.0,92120,0,0,26324,0,262646,721974,0,1010944
952880426_2013.0,ELDERHELP OF SAN DIEGO INC,952880426,2013.0,0,0,0,41574,0,260872,591028,1890,893474
952833205_2021.0,FAMILY HEALTH CENTERS OF SAN DIEGO INC,952833205,2021.0,92102,0,0,0,0,59753670,14436348,4374735,74190018
952833205_2020.0,FAMILY HEALTH CENTERS OF SAN DIEGO INC,952833205,2020.0,92102,0,0,0,0,49070786,7643862,766795,56714648
952833205_2019.0,FAMILY HEALTH CENTERS OF SAN DIEGO INC,952833205,2019.0,92102,0,0,127428,0,42826769,7746205,0,50700402
952833205_2018.0,FAMILY HEALTH CENTERS OF SAN DIEGO INC,952833205,2018.0,92102,0,0,112377,0,35981688,4781811,0,40875876
952833205_2017.0,FAMILY HEALTH CENTERS OF SAN DIEGO INC,952833205,2017.0,92102,0,0,122474,0,35785124,4490939,0,40398537
952833205_2016.0,FAMILY HEALTH CENTERS OF SAN DIEGO INC,952833205,2016.0,92102,0,0,117163,0,37189601,1889004,0,39195768
952833205_2015.0,FAMILY HEALTH CENTERS OF SAN DIEGO INC,952833205,2015.0,92102,0,0,109028,0,31709294,2030508,206,33848830
952833205_2014.0,FAMILY HEALTH CENTERS OF SAN DIEGO INC,952833205,2014.0,92102,0,0,62739,0,30863316,1834695,0,32760750
952833205_2013.0,FAMILY HEALTH CENTERS OF SAN DIEGO INC,952833205,2013.0,0,0,0,180418,0,33396379,2425663,2425663,36002460
550806460_2022.0,Bilateral Safety Corridor Coalition,550806460,2022.0,91950,0,0,0,0,291440,270209,0,570056
550806460_2021.0,Bilateral Safety Corridor Coalition,550806460,2021.0,91950,0,0,0,0,239763,227448,0,467211
550806460_2020.0,Bilateral Safety Corridor Coalition,550806460,2020.0,91950,0,0,0,0,161068,218547,6000,379615
550806460_2019.0,Bilateral Safety Corridor Coalition,550806460,2019.0,91950,0,0,0,0,0,269047,0,269047
550806460_2018.0,BILATERAL SAFETY CORRIDOR COALITION,550806460,2018.0,91950,0,0,0,0,0,297479,0,297479
550806460_2017.0,Bilateral Safety Corridor Coalition,550806460,2017.0,91950,0,0,0,0,171066,159109,0,330175
550806460_2016.0,Bilateral Safety Corridor Coalition,550806460,2016.0,91950,0,0,0,0,188786,236171,0,424957
550806460_2015.0,Bilateral Safety Corridor Coalition,550806460,2015.0,91950,0,0,0,0,159442,117018,0,276460
330215585_2021.0,ALPHA PROJECT FOR THE HOMELESS,330215585,2021.0,92103,0,0,212917,0,20294300,3558897,1630789,24066114
330215585_2020.0,ALPHA PROJECT FOR THE HOMELESS,330215585,2020.0,92103,0,0,145859,0,18162046,3338814,1199956,21646719
330215585_2019.0,ALPHA PROJECT FOR THE HOMELESS,330215585,2019.0,92103,0,0,47749,0,15957289,10930710,1540175,26935748
330215585_2018.0,ALPHA PROJECT FOR THE HOMELESS,330215585,2018.0,92103,0,0,0,0,2476001,14101032,1757375,16577033
330215585_2017.0,ALPHA PROJECT FOR THE HOMELESS,330215585,2017.0,92103,0,0,0,0,1972019,8974475,1743782,10946494
330215585_2016.0,ALPHA PROJECT FOR THE HOMELESS,330215585,2016.0,92103,0,0,0,0,1251303,6178785,1876303,7430088
330215585_2015.0,ALPHA PROJECT FOR THE HOMELESS,330215585,2015.0,92103,0,0,0,0,2827016,2417961,1086372,5244977
330215585_2014.0,ALPHA PROJECT FOR THE HOMELESS,330215585,2014.0,92103,0,0,0,0,4037724,1847458,676252,5885182
330215585_2013.0,ALPHA PROJECT FOR THE HOMELESS,330215585,2013.0,0,0,0,0,0,2065058,4124494,469651,6189552
