EIN_YEAR,All Other Contributions,EIN,Federate Campaigns,Fundraising Events,Government Grants,Location (Zipcode),Membership Dues,Noncash Contributions,Organization Name,Related Organizations,Tax End Date,Tax Year,Total,Philanthropic_Total
550806460_2022,270209,550806460,0,8407,291440,91950,0,0,BILATERAL SAFETY CORRIDOR COALITION,0,12-31-2022,2022,570056,278616
550806460_2021,227448,550806460,0,0,239763,91950,0,0,BILATERAL SAFETY CORRIDOR COALITION,0,12-31-2021,2021,467211,227448
550806460_2020,218547,550806460,0,0,161068,91950,0,6000,BILATERAL SAFETY CORRIDOR COALITION,0,12-31-2020,2020,379615,218547
550806460_2019,269047,550806460,0,0,0,91950,0,0,BILATERAL SAFETY CORRIDOR COALITION,0,12-31-2019,2019,269047,269047
550806460_2018,297479,550806460,0,0,0,91950,0,0,BILATERAL SAFETY CORRIDOR COALITION,0,12-31-2018,2018,297479,297479
550806460_2017,159109,550806460,0,0,171066,91950,0,0,BILATERAL SAFETY CORRIDOR COALITION,0,12-31-2017,2017,330175,159109
550806460_2016,236171,550806460,0,0,188786,91950,0,0,BILATERAL SAFETY CORRIDOR COALITION,0,12-31-2016,2016,424957,236171
550806460_2015,117018,550806460,0,0,159442,91950,0,0,BILATERAL SAFETY CORRIDOR COALITION,0,12-31-2015,2015,276460,117018
953302967_2021,271291,953302967,0,0,93554678,92123,0,0,MENTAL HEALTH SYSTEMS INC,0,06-30-2022,2021,93825969,271291
953302967_2020,25197,953302967,0,0,98611907,92123,0,0,MENTAL HEALTH SYSTEMS INC,0,06-30-2021,2020,98637104,25197
953302967_2019,32870,953302967,0,0,90049407,92123,0,0,MENTAL HEALTH SYSTEMS INC,0,06-30-2020,2019,90082277,32870
953302967_2018,77961,953302967,0,0,71062143,92123,0,0,MENTAL HEALTH SYSTEMS INC,0,06-30-2019,2018,71140104,77961
953302967_2017,79120,953302967,0,0,61935444,92123,0,0,MENTAL HEALTH SYSTEMS INC,0,06-30-2018,2017,62014564,79120
953302967_2016,78628,953302967,0,0,62030562,92123,0,0,MENTAL HEALTH SYSTEMS INC,0,06-30-2017,2016,62109190,78628
953302967_2015,281825,953302967,0,0,67248615,92123,0,0,MENTAL HEALTH SYSTEMS INC,0,06-30-2016,2015,67530440,281825
953302967_2014,267385,953302967,0,0,72132439,92123,0,0,MENTAL HEALTH SYSTEMS INC,0,06-30-2015,2014,72399824,267385
953302967_2013,109691,953302967,0,30637,0,0,0,0,MENTAL HEALTH SYSTEMS INC,0,06-30-2014,2013,140328,140328
952039198_2021,8442000,952039198,0,111000,122845000,92123,0,517000,YMCA OF SAN DIEGO COUNTY,162000,06-30-2022,2021,131560000,8715000
952039198_2020,37728000,952039198,0,0,131804000,92123,0,2305000,YMCA OF SAN DIEGO COUNTY,0,06-30-2021,2020,169532000,37728000
952039198_2019,20816000,952039198,0,0,103823000,92123,0,0,YMCA OF SAN DIEGO COUNTY,0,06-30-2020,2019,124639000,20816000
952039198_2018,11971000,952039198,0,0,92115000,92123,0,440000,YMCA OF SAN DIEGO COUNTY,0,06-30-2019,2018,104086000,11971000
952039198_2017,15066000,952039198,0,0,79369000,92123,0,0,YMCA OF SAN DIEGO COUNTY,0,06-30-2018,2017,94435000,15066000
952039198_2016,16797000,952039198,0,0,66857000,92123,0,1985000,YMCA OF SAN DIEGO COUNTY,0,06-30-2017,2016,83654000,16797000
952039198_2015,15803000,952039198,0,0,59368000,92123,0,0,YMCA OF SAN DIEGO COUNTY,0,06-30-2016,2015,75171000,15803000
952039198_2014,12983000,952039198,0,0,52614000,92123,0,731000,YMCA OF SAN DIEGO COUNTY,0,06-30-2015,2014,65597000,12983000
952039198_2013,0,952039198,0,22645000,45948000,0,0,7030000,YMCA OF SAN DIEGO COUNTY,0,06-30-2014,2013,68593000,22645000
953497926_2021,1691815,953497926,0,114007,3001809,92024,0,1049099,COMMUNITY RESOURCE CENTER,0,06-30-2022,2021,4807631,1805822
953497926_2020,4043651,953497926,0,77637,3252755,92024,0,1035391,COMMUNITY RESOURCE CENTER,0,06-30-2021,2020,7374043,4121288
953497926_2019,2490058,953497926,0,301149,2338255,92024,0,627749,COMMUNITY RESOURCE CENTER,0,06-30-2020,2019,5129462,2791207
953497926_2018,1422107,953497926,347,68811,1526759,92024,0,614244,COMMUNITY RESOURCE CENTER,0,06-30-2019,2018,3018024,1491265
953497926_2017,1827504,953497926,158,73475,1305024,92024,0,548988,COMMUNITY RESOURCE CENTER,0,06-30-2018,2017,3206161,1901137
953497926_2016,1221054,953497926,1043,4960,1074638,92024,0,43662,COMMUNITY RESOURCE CENTER,0,06-30-2017,2016,2301695,1227057
953497926_2015,1118465,953497926,2081,178433,877544,92024,0,37633,COMMUNITY RESOURCE CENTER,0,06-30-2016,2015,2176523,1298979
953497926_2014,1775827,953497926,4086,151650,112385,92024,0,2977,COMMUNITY RESOURCE CENTER,0,06-30-2015,2014,2043948,1931563
953497926_2013,1231633,953497926,5786,58671,1215256,0,0,13786,COMMUNITY RESOURCE CENTER,0,06-30-2014,2013,2511346,1296090
272917644_2021,670453,272917644,0,0,298246,92105,0,0,KAREN ORGANIZATION OF SAN DIEGO,0,12-31-2021,2021,968699,670453
272917644_2020,384902,272917644,0,0,123825,92105,0,0,KAREN ORGANIZATION OF SAN DIEGO,0,12-31-2020,2020,508727,384902
272917644_2019,169503,272917644,0,0,0,92105,0,0,KAREN ORGANIZATION OF SAN DIEGO,0,12-31-2019,2019,169503,169503
272917644_2018,188071,272917644,0,0,0,92105,0,0,KAREN ORGANIZATION OF SAN DIEGO,0,12-31-2018,2018,188071,188071
272917644_2017,132638,272917644,0,2888,0,92105,0,0,KAREN ORGANIZATION OF SAN DIEGO,0,12-31-2017,2017,135526,135526
272917644_2016,139470,272917644,0,0,0,92105,0,0,KAREN ORGANIZATION OF SAN DIEGO,0,12-31-2016,2016,139470,139470
272917644_2015,103388,272917644,0,0,0,92105,0,0,KAREN ORGANIZATION OF SAN DIEGO,0,12-31-2015,2015,103388,103388
951874073_2021,26121296,951874073,0,155764,0,92138,0,8271604,SAN DIEGO RESCUE MISSION INC,0,09-30-2022,2021,26277060,26277060
951874073_2020,21978558,951874073,0,142855,0,92138,0,10039786,SAN DIEGO RESCUE MISSION INC,0,09-30-2021,2020,22121413,22121413
951874073_2019,16540608,951874073,0,50825,0,92138,0,7454894,SAN DIEGO RESCUE MISSION INC,0,09-30-2020,2019,16591433,16591433
951874073_2018,16921789,951874073,0,297819,0,92138,0,8637829,SAN DIEGO RESCUE MISSION INC,0,09-30-2019,2018,17219608,17219608
951874073_2017,17095088,951874073,0,0,0,92138,0,9929227,SAN DIEGO RESCUE MISSION INC,0,09-30-2018,2017,17095088,17095088
951874073_2016,16740241,951874073,0,305400,0,92138,0,10289900,SAN DIEGO RESCUE MISSION INC,0,09-30-2017,2016,17045641,17045641
951874073_2015,15535669,951874073,0,265175,0,92138,0,9304663,SAN DIEGO RESCUE MISSION INC,0,09-30-2016,2015,15535669,15535669
951874073_2014,16740258,951874073,0,0,0,92138,0,10231347,SAN DIEGO RESCUE MISSION INC,0,09-30-2015,2014,16740258,16740258
951874073_2013,19597062,951874073,0,0,0,0,0,9632204,SAN DIEGO RESCUE MISSION INC,0,09-30-2014,2013,19597062,19597062
263405689_2021,2444340,263405689,0,159532,321341,92108,0,61751,GENERATEHOPE INC,0,12-31-2021,2021,2925213,2603872
263405689_2020,1162044,263405689,0,133830,60934,92108,0,76861,GENERATEHOPE INC,0,12-31-2020,2020,1356808,1295874
263405689_2019,871044,263405689,0,190000,61264,92108,0,53273,GENERATEHOPE INC,0,12-31-2019,2019,1122308,1061044
263405689_2018,1195492,263405689,0,204598,65995,92108,0,317578,GENERATEHOPE INC,0,12-31-2018,2018,1466085,1400090
263405689_2017,705417,263405689,0,139870,83947,92108,0,149318,GENERATEHOPE INC,0,12-31-2017,2017,929234,845287
263405689_2016,971973,263405689,0,0,52000,92108,0,736500,GENERATEHOPE INC,0,12-31-2016,2016,1023973,971973
263405689_2015,559739,263405689,0,12315,153154,92108,0,0,GENERATEHOPE INC,0,12-31-2015,2015,725208,572054
263405689_2014,227478,263405689,0,0,100000,92108,0,0,GENERATEHOPE INC,0,12-31-2014,2014,327478,227478
263405689_2013,179228,263405689,0,0,100000,0,0,0,GENERATEHOPE INC,0,12-31-2013,2013,279228,179228
953368020_2021,1600,953368020,0,0,0,91911,0,0,KIKU GARDENS INC,0,06-30-2022,2021,1600,1600
953368020_2020,500,953368020,0,0,0,91911,0,0,KIKU GARDENS INC,0,06-30-2021,2020,500,500
953368020_2019,1375,953368020,0,0,0,91911,0,0,KIKU GARDENS INC,0,06-30-2020,2019,1375,1375
953368020_2018,4500,953368020,0,0,0,91911,0,0,KIKU GARDENS INC,0,06-30-2019,2018,4500,4500
953368020_2017,1301200,953368020,0,0,0,91911,0,0,KIKU GARDENS INC,0,06-30-2018,2017,1301200,1301200
953368020_2016,0,953368020,0,0,0,91911,0,0,KIKU GARDENS INC,0,06-30-2017,2016,0,0
953368020_2015,160,953368020,0,1125,0,91911,0,0,KIKU GARDENS INC,0,06-30-2016,2015,1285,1285
953368020_2014,0,953368020,0,0,0,91911,0,0,KIKU GARDENS INC,0,06-30-2015,2014,0,0
571214920_2021,481445,571214920,0,0,391086,92084,0,0,OPERATION HOPE NORTH COUNTY INCORPORATED,0,06-30-2022,2021,872531,481445
571214920_2020,692114,571214920,0,0,422615,92084,0,0,OPERATION HOPE NORTH COUNTY INCORPORATED,0,06-30-2021,2020,1114729,692114
571214920_2019,1028389,571214920,0,0,124333,92084,0,0,OPERATION HOPE NORTH COUNTY INCORPORATED,0,06-30-2020,2019,1152722,1028389
571214920_2017,539143,571214920,0,0,75417,92084,0,100296,OPERATION HOPE  VISTA INCORPORATED,0,06-30-2018,2017,614560,539143
571214920_2016,267403,571214920,0,20689,54430,92084,0,0,OPERATION HOPE  VISTA INCORPORATED,0,06-30-2017,2016,342522,288092
331146733_2022,256658,331146733,0,63722,213571,92104,0,19922,THINK DIGNITY,0,12-31-2022,2022,533951,320380
331146733_2021,273056,331146733,0,45695,189346,92104,0,63404,THINK DIGNITY,0,12-31-2021,2021,508097,318751
331146733_2020,305452,331146733,0,0,217312,92104,0,37406,THINK DIGNITY,0,12-31-2020,2020,522764,305452
331146733_2019,125440,331146733,0,48628,129001,92104,0,43807,THINK DIGNITY,0,12-31-2019,2019,303069,174068
331146733_2018,324226,331146733,0,33682,114747,92104,0,25426,THINK DIGNITY,0,12-31-2018,2018,472655,357908
331146733_2017,255771,331146733,0,15100,106172,92104,4925,0,THINK DIGNITY,0,12-31-2017,2017,381968,275796
331146733_2016,114551,331146733,0,20231,121084,92104,3445,11272,THINK DIGNITY,0,12-31-2016,2016,259311,138227
331146733_2014,94368,331146733,0,0,0,92101,8885,0,GIRLS THINK TANK,0,12-31-2014,2014,103253,103253
952111196_2013,2001843,952111196,0,0,0,0,0,0,ST PAULS EPISCOPAL HOME INC,0,08-31-2014,2013,2001843,2001843
953315571_2021,2820702,953315571,0,583861,7481645,92069,0,242271,CASA DE AMPARO,0,06-30-2022,2021,10886208,3404563
953315571_2020,4259264,953315571,0,330639,8632004,92069,0,541051,CASA DE AMPARO,0,06-30-2021,2020,13221907,4589903
953315571_2019,1511144,953315571,0,128260,8253706,92069,0,229425,CASA DE AMPARO,0,06-30-2020,2019,9893110,1639404
953315571_2018,1441065,953315571,0,119380,402566,92069,0,319577,CASA DE AMPARO,0,06-30-2019,2018,1963011,1560445
953315571_2017,1737039,953315571,1924,14888,5669765,92069,0,408738,CASA DE AMPARO,0,06-30-2018,2017,7423616,1753851
953315571_2016,3348922,953315571,11487,225830,222038,92069,0,486662,CASA DE AMPARO,0,06-30-2017,2016,3808277,3586239
953315571_2015,2208953,953315571,14662,337599,191203,92069,0,424543,CASA DE AMPARO,0,06-30-2016,2015,2752417,2561214
953315571_2014,1819359,953315571,21271,406648,0,92069,0,526420,CASA DE AMPARO,0,06-30-2015,2014,2247278,2247278
953315571_2013,1568835,953315571,19803,352886,0,0,0,376849,CASA DE AMPARO,0,06-30-2014,2013,1941524,1941524
952794253_2021,451714,952794253,0,0,13405575,92084,0,223226,NORTH COUNTY LIFELINE INC DBA LIFELINE COMMUNITY SERVICES,0,06-30-2022,2021,13857289,451714
952794253_2020,679469,952794253,0,0,13098737,92056,0,189639,NORTH COUNTY LIFELINE INC DBA LIFELINE COMMUNITY SERVICES,0,06-30-2021,2020,13778206,679469
952794253_2019,392396,952794253,0,0,12446965,92056,0,251569,NORTH COUNTY LIFELINE INC,0,06-30-2020,2019,12839361,392396
952794253_2018,353245,952794253,0,0,10496439,92056,0,235480,NORTH COUNTY LIFELINE INC,0,06-30-2019,2018,10849684,353245
952794253_2017,287018,952794253,0,0,9738384,92056,0,207107,NORTH COUNTY LIFELINE INC,0,06-30-2018,2017,10025402,287018
952794253_2016,269310,952794253,0,0,7910489,92056,0,107107,NORTH COUNTY LIFELINE INC,0,06-30-2017,2016,8179799,269310
952794253_2015,156226,952794253,0,0,7008292,92056,0,71467,NORTH COUNTY LIFELINE INC,0,06-30-2016,2015,7164518,156226
952794253_2014,112730,952794253,0,0,6666125,92056,0,70794,NORTH COUNTY LIFELINE INC,0,06-30-2015,2014,6778855,112730
953950196_2021,12424824,953950196,0,2021876,102856183,90004,0,3290463,PATH,0,06-30-2022,2021,117302883,14446700
953950196_2020,8823906,953950196,0,2014718,90762040,90004,0,2984796,PATH,0,06-30-2021,2020,101600664,10838624
953950196_2019,8928718,953950196,0,1396211,65986770,90004,0,2559870,PEOPLE ASSISTING THE HOMELESS PATH,0,06-30-2020,2019,76311699,10324929
953950196_2018,6280302,953950196,0,1610529,31146536,90004,0,2590243,PATH PEOPLE ASSISTING THE HOMELESS,0,06-30-2019,2018,39037367,7890831
953950196_2017,6808261,953950196,0,1365374,27838533,90004,0,0,PEOPLE ASSISTING THE HOMELESS PATH,0,06-30-2018,2017,36012168,8173635
953950196_2016,5011062,953950196,0,814730,24298231,90004,0,0,PEOPLE ASSISTING THE HOMELESS PATH,0,06-30-2017,2016,30124023,5825792
953950196_2015,8493506,953950196,0,1093424,24266426,90004,0,0,PEOPLE ASSISTING THE HOMELESS PATH,0,06-30-2016,2015,33853356,9586930
953950196_2014,6112616,953950196,0,797711,15034116,90004,0,0,PEOPLE ASSISTING THE HOMELESS PATH,0,06-30-2015,2014,21944443,6910327
953950196_2013,3267436,953950196,0,890986,10971394,0,0,0,PEOPLE ASSISTING THE HOMELESS PATH,0,06-30-2014,2013,15129816,4158422
330352148_2021,2149303,330352148,0,0,1981922,92138,0,0,URBAN CORPS OF SAN DIEGO COUNTY,157000,06-30-2022,2021,4288225,2306303
330352148_2020,59307,330352148,0,0,1958200,92138,0,0,URBAN CORPS OF SAN DIEGO COUNTY,130000,06-30-2021,2020,2147507,189307
330352148_2019,926461,330352148,0,0,1262411,92138,0,0,URBAN CORPS OF SAN DIEGO COUNTY,90000,06-30-2020,2019,2278872,1016461
330352148_2018,222315,330352148,0,0,533845,92138,0,0,URBAN CORPS OF SAN DIEGO COUNTY,126000,06-30-2019,2018,882160,348315
330352148_2017,139711,330352148,0,0,582820,92138,0,0,URBAN CORPS OF SAN DIEGO COUNTY,129490,06-30-2018,2017,852021,269201
330352148_2016,76090,330352148,0,0,416078,921380156,0,3900,URBAN CORPS OF SAN DIEGO COUNTY,0,06-30-2017,2016,492168,76090
330352148_2015,188256,330352148,0,0,597550,921380156,0,0,URBAN CORPS OF SAN DIEGO COUNTY,0,06-30-2016,2015,785806,188256
330352148_2014,226704,330352148,0,60500,56744,921380156,0,0,URBAN CORPS OF SAN DIEGO COUNTY,0,06-30-2015,2014,343948,287204
330352148_2013,207117,330352148,0,0,50000,0,0,50000,URBAN CORPS OF SAN DIEGO COUNTY,0,06-30-2014,2013,257117,207117
330497515_2021,0,330497515,0,0,0,92024,0,0,LAS PALMAS FOUNDATION,0,12-31-2021,2021,0,0
330497515_2020,0,330497515,0,0,0,92024,0,0,LAS PALMAS FOUNDATION,0,12-31-2020,2020,0,0
330497515_2019,600,330497515,0,0,0,92024,0,0,LAS PALMAS FOUNDATION,0,12-31-2019,2019,600,600
330497515_2018,300,330497515,0,0,0,92024,0,0,LAS PALMAS FOUNDATION,0,12-31-2018,2018,300,300
330497515_2017,550,330497515,0,0,0,92024,0,0,LAS PALMAS FOUNDATION,0,12-31-2017,2017,550,550
330497515_2016,0,330497515,0,0,0,92024,0,0,LAS PALMAS FOUNDATION,0,12-31-2016,2016,0,0
330497515_2015,0,330497515,0,0,149000,92024,0,0,LAS PALMAS FOUNDATION,0,12-31-2015,2015,149000,0
330497515_2014,0,330497515,0,0,47171,92024,0,0,LAS PALMAS FOUNDATION,0,12-31-2014,2014,47171,0
330497515_2013,0,330497515,0,0,357902,0,0,0,LAS PALMAS FOUNDATION,0,12-31-2013,2013,357902,0
953302967_2013,109691,953302967,0,0,0,0,0,0,MENTAL HEALTH SYSTEMS INC,0,06-30-2014,2013,140328,140328
952039198_2020,37728000,952039198,0,461000,131804000,92123,0,2305000,YMCA OF SAN DIEGO COUNTY,0,06-30-2021,2020,169532000,37728000
952039198_2013,0,952039198,0,0,45948000,0,0,7030000,YMCA OF SAN DIEGO COUNTY,0,06-30-2014,2013,68593000,22645000
952653869_2021,13877,952653869,0,0,4752251,92108,0,0,CRASH INC,0,06-30-2022,2021,4766128,13877
952653869_2020,12102,952653869,0,0,0,92108,0,0,CRASH INC,0,06-30-2021,2020,12102,12102
952653869_2019,10140,952653869,0,0,0,92108,0,0,CRASH INC,0,06-30-2020,2019,10140,10140
952653869_2018,19567,952653869,0,0,0,92108,0,0,CRASH INC,0,06-30-2019,2018,19567,19567
952653869_2017,5869,952653869,0,0,0,92108,0,0,CRASH INC,0,06-30-2018,2017,5869,5869
952653869_2016,10393,952653869,0,0,0,92108,0,0,CRASH INC,0,06-30-2017,2016,10393,10393
952653869_2015,12407,952653869,0,0,0,92108,0,0,CRASH INC,0,06-30-2016,2015,12407,12407
952653869_2014,2979,952653869,0,0,0,92108,0,0,CRASH INC,0,06-30-2015,2014,2979,2979
952653869_2013,12130,952653869,0,0,0,0,0,0,CRASH INC,0,06-30-2014,2013,12130,12130
931008369_2021,695967,931008369,0,0,0,92115,0,18000,ALLIANCE FOR AFRICAN ASSISTANCE,0,06-30-2022,2021,695967,695967
931008369_2020,127017,931008369,0,0,175000,92115,0,0,ALLIANCE FOR AFRICAN ASSISTANCE,0,06-30-2021,2020,302017,127017
931008369_2019,101691,931008369,0,42454,0,92115,0,0,ALLIANCE FOR AFRICAN ASSISTANCE,0,06-30-2020,2019,144145,144145
931008369_2018,145494,931008369,0,0,0,92115,0,0,ALLIANCE FOR AFRICAN ASSISTANCE,0,06-30-2019,2018,145494,145494
931008369_2017,82574,931008369,0,6304,0,92115,0,0,ALLIANCE FOR AFRICAN ASSISTANCE,0,06-30-2018,2017,88878,88878
931008369_2016,116000,931008369,0,0,0,92115,0,0,ALLIANCE FOR AFRICAN ASSISTANCE,0,06-30-2017,2016,116000,116000
931008369_2015,79620,931008369,0,0,0,92115,0,0,ALLIANCE FOR AFRICAN ASSISTANCE,0,06-30-2016,2015,79620,79620
952880426_2021,791373,952880426,0,105366,451724,92123,0,10245,ELDERHELP OF SAN DIEGO,0,06-30-2022,2021,1348463,896739
952880426_2020,1219917,952880426,0,109324,574130,92123,0,37648,ELDERHELP OF SAN DIEGO,0,06-30-2021,2020,1903371,1329241
952880426_2019,1075276,952880426,0,51009,318368,92123,0,34594,ELDERHELP OF SAN DIEGO,0,06-30-2020,2019,1444653,1126285
952880426_2018,762231,952880426,0,53375,313363,92123,0,37263,ELDERHELP OF SAN DIEGO,0,06-30-2019,2018,1128969,815606
952880426_2016,1052228,952880426,0,42430,357117,92123,0,0,ELDERHELP OF SAN DIEGO,0,06-30-2017,2016,1451775,1094658
952880426_2015,916212,952880426,0,40155,345108,92123,0,0,ELDERHELP OF SAN DIEGO,0,06-30-2016,2015,1301475,956367
952880426_2014,721974,952880426,0,26324,262646,92120,0,0,ELDERHELP OF SAN DIEGO INC,0,06-30-2015,2014,1010944,748298
952880426_2013,591028,952880426,0,41574,260872,0,0,1890,ELDERHELP OF SAN DIEGO INC,0,06-30-2014,2013,893474,632602
953140767_2021,0,953140767,0,0,32228251,920201651,0,0,MCALISTER INSTITUTE FOR TREATMENT  EDUCATION INC,0,06-30-2022,2021,32228251,0
953140767_2020,0,953140767,0,0,33156996,920201651,0,0,MCALISTER INSTITUTE FOR TREATMENT  EDUCATION INC,0,06-30-2021,2020,33156996,0
953140767_2019,0,953140767,0,0,26829832,920201651,0,0,MCALISTER INSTITUTE FOR TREATMENT  EDUCATION INC,0,06-30-2020,2019,26829832,0
953140767_2018,0,953140767,0,0,20728534,920201651,0,0,MCALISTER INSTITUTE FOR TREATMENT  EDUCATION INC,0,06-30-2019,2018,20728534,0
953140767_2017,0,953140767,0,0,15375695,920201651,0,0,MCALISTER INSTITUTE FOR TREATMENT  EDUCATION INC,0,06-30-2018,2017,15375695,0
953140767_2016,0,953140767,0,0,11827666,920201651,0,0,MCALISTER INSTITUTE FOR TREATMENT  EDUCATION INC,0,06-30-2017,2016,11827666,0
953140767_2015,0,953140767,0,0,9361362,920201651,0,0,MCALISTER INSTITUTE FOR TREATMENT  EDUCATION INC,0,06-30-2016,2015,9361362,0
953140767_2014,0,953140767,0,0,8713650,920201651,0,0,MCALISTER INSTITUTE FOR TREATMENT  EDUCATION INC,0,06-30-2015,2014,8713650,0
953140767_2013,8109852,953140767,0,0,0,0,0,0,MCALISTER INSTITUTE FOR TREATMENT  EDUCATION INC,0,06-30-2014,2013,8109852,8109852
330553621_2021,0,330553621,0,0,754793,90275,0,0,THE SALVATION ARMY SAN DIEGO RESIDENCES INC,0,09-30-2022,2021,754793,0
330553621_2020,0,330553621,0,0,784501,90275,0,0,THE SALVATION ARMY SAN DIEGO RESIDENCES INC,0,09-30-2021,2020,784501,0
330553621_2019,0,330553621,0,0,786788,90275,0,0,THE SALVATION ARMY SAN DIEGO RESIDENCES INC,0,09-30-2020,2019,786788,0
330553621_2018,0,330553621,0,0,745913,90275,0,0,THE SALVATION ARMY SAN DIEGO RESIDENCES INC,0,09-30-2019,2018,745913,0
330553621_2017,0,330553621,0,0,712870,90275,0,0,THE SALVATION ARMY SAN DIEGO RESIDENCES INC,0,09-30-2018,2017,712870,0
330553621_2016,0,330553621,0,0,665873,90802,0,0,THE SALVATION ARMY SAN DIEGO RESIDENCES INC,0,09-30-2017,2016,665873,0
330553621_2015,0,330553621,0,0,621388,90802,0,0,THE SALVATION ARMY SAN DIEGO RESIDENCES INC,0,09-30-2016,2015,621388,0
330210280_2022,225374,330210280,0,215764,0,92102,0,0,UPLIFT,0,12-31-2022,2022,441138,441138
330210280_2021,192522,330210280,0,53708,0,92102,0,30000,UPLIFT,0,12-31-2021,2021,246230,246230
330210280_2019,188329,330210280,0,52847,0,92102,0,0,UPLIFT,0,12-31-2019,2019,241176,241176
237334012_2020,4238141,237334012,9190,0,11606920,92112,0,0,CATHOLIC CHARITIES DIOCESE OF SAN DIEGO,0,06-30-2021,2020,15854251,4247331
237334012_2019,2735170,237334012,21301,0,7876775,92112,0,0,CATHOLIC CHARITIES DIOCESE OF SAN DIEGO,0,06-30-2020,2019,10633246,2756471
237334012_2018,2379161,237334012,50794,5748,7519954,92112,0,0,CATHOLIC CHARITIES DIOCESE OF SAN DIEGO,0,06-30-2019,2018,9955657,2435703
237334012_2017,2116667,237334012,91200,28745,0,92112,0,0,CATHOLIC CHARITIES DIOCESE OF SAN DIEGO,0,06-30-2018,2017,2236612,2236612
237334012_2016,1952123,237334012,77085,53000,0,92112,0,0,CATHOLIC CHARITIES DIOCESE OF SAN DIEGO,0,06-30-2017,2016,2082208,2082208
237334012_2015,2955261,237334012,121494,57035,0,92101,0,0,CATHOLIC CHARITIES DIOCESE OF SAN DIEGO,0,06-30-2016,2015,3133790,3133790
237334012_2014,1755127,237334012,120174,143749,0,92101,0,0,CATHOLIC CHARITIES DIOCESE OF SAN DIEGO,0,06-30-2015,2014,2019050,2019050
237334012_2013,1845723,237334012,116799,196830,0,0,0,0,CATHOLIC CHARITIES DIOCESE OF SAN DIEGO,0,06-30-2014,2013,2159352,2159352
952833205_2021,14436348,952833205,0,0,59753670,92102,0,4374735,FAMILY HEALTH CENTERS OF SAN DIEGO INC,0,06-30-2022,2021,74190018,14436348
952833205_2020,7643862,952833205,0,0,49070786,92102,0,766795,FAMILY HEALTH CENTERS OF SAN DIEGO INC,0,06-30-2021,2020,56714648,7643862
952833205_2019,7746205,952833205,0,127428,42826769,92102,0,0,FAMILY HEALTH CENTERS OF SAN DIEGO INC,0,06-30-2020,2019,50700402,7873633
952833205_2018,4781811,952833205,0,112377,35981688,92102,0,0,FAMILY HEALTH CENTERS OF SAN DIEGO INC,0,06-30-2019,2018,40875876,4894188
952833205_2017,4490939,952833205,0,122474,35785124,92102,0,0,FAMILY HEALTH CENTERS OF SAN DIEGO INC,0,06-30-2018,2017,40398537,4613413
952833205_2016,1889004,952833205,0,117163,37189601,92102,0,0,FAMILY HEALTH CENTERS OF SAN DIEGO INC,0,06-30-2017,2016,39195768,2006167
952833205_2015,2030508,952833205,0,109028,31709294,92102,0,206,FAMILY HEALTH CENTERS OF SAN DIEGO INC,0,06-30-2016,2015,33848830,2139536
952833205_2014,1834695,952833205,0,62739,30863316,92102,0,0,FAMILY HEALTH CENTERS OF SAN DIEGO INC,0,06-30-2015,2014,32760750,1897434
952833205_2013,2425663,952833205,0,180418,33396379,0,0,2425663,FAMILY HEALTH CENTERS OF SAN DIEGO INC,0,06-30-2014,2013,36002460,2606081
952850121_2021,3595528,952850121,0,129000,8663919,92101,0,0,SERVING SENIORS,0,06-30-2022,2021,12388447,3724528
952850121_2020,2712201,952850121,0,250845,10529880,92101,0,0,SERVING SENIORS,0,06-30-2021,2020,13492926,2963046
952850121_2019,3947673,952850121,0,53970,5623675,92101,0,0,SERVING SENIORS,0,06-30-2020,2019,9625318,4001643
952850121_2018,2248135,952850121,0,161620,4078668,92101,0,124834,SERVING SENIORS,0,06-30-2019,2018,6488423,2409755
952850121_2017,1739118,952850121,0,101071,3298204,92101,0,236047,SERVING SENIORS,0,06-30-2018,2017,5138393,1840189
952850121_2014,1926705,952850121,0,0,3260642,92101,0,565000,SERVING SENIORS,0,06-30-2015,2014,5187347,1926705
330602842_2021,27280,330602842,0,0,1659718,92123,0,0,THE ASSOCIATION FOR COMMUNITY HOUSING SOLUTIONS,0,12-31-2021,2021,1686998,27280
330602842_2020,25316,330602842,0,0,1598008,92123,0,0,TACHS,0,12-31-2020,2020,1623324,25316
952693142_2021,3187139,952693142,0,726095,82876281,91910,0,144304,SBCS CORPORATION,0,06-30-2022,2021,86789515,3913234
952693142_2020,4511207,952693142,0,0,93767513,91910,0,411334,SBCS CORPORATION,0,06-30-2021,2020,98278720,4511207
952693142_2019,2038952,952693142,0,165510,30495738,91910,0,78823,SOUTH BAY COMMUNITY SERVICES,0,06-30-2020,2019,32700200,2204462
952693142_2018,603727,952693142,0,230647,24769279,91910,0,148832,SOUTH BAY COMMUNITY SERVICES,0,06-30-2019,2018,25603653,834374
952693142_2017,505996,952693142,0,187711,23679156,91910,0,75340,SOUTH BAY COMMUNITY SERVICES,0,06-30-2018,2017,24372863,693707
952693142_2016,511375,952693142,0,158754,24108727,91910,0,194845,SOUTH BAY COMMUNITY SERVICES,0,06-30-2017,2016,24778856,670129
952693142_2015,546969,952693142,0,0,23412360,91910,0,278454,SOUTH BAY COMMUNITY SERVICES,0,06-30-2016,2015,23959329,546969
952693142_2014,491641,952693142,0,0,23927898,91910,0,189443,SOUTH BAY COMMUNITY SERVICES,0,06-30-2015,2014,24419539,491641
952693142_2013,1018122,952693142,0,149889,21811905,0,0,169822,SOUTH BAY COMMUNITY SERVICES,0,06-30-2014,2013,22979916,1168011
113723093_2020,183535,113723093,0,0,17841834,92123,0,0,REGIONAL TASK FORCE ON THE HOMELESS,0,06-30-2021,2020,18025369,183535
113723093_2019,182239,113723093,0,0,9344677,92123,0,0,REGIONAL TASK FORCE ON THE HOMELESS,0,06-30-2020,2019,9526916,182239
113723093_2018,865020,113723093,0,0,2505451,92123,0,0,REGIONAL TASK FORCE ON THE HOMELESS,0,06-30-2019,2018,3370471,865020
113723093_2017,738875,113723093,0,0,2021667,92123,0,0,REGIONAL TASK FORCE ON THE HOMELESS,0,06-30-2018,2017,2760542,738875
113723093_2016,65214,113723093,0,0,1922156,92123,6677,0,REGIONAL TASK FORCE ON THE HOMELESS,0,06-30-2017,2016,1994047,71891
113723093_2015,47330,113723093,0,0,1110060,92123,0,0,REGIONAL TASK FORCE ON THE HOMELESS,0,06-30-2016,2015,1157390,47330
113723093_2014,94796,113723093,0,0,991765,92123,0,0,REGIONAL TASK FORCE ON THE HOMELESS INC,0,06-30-2015,2014,1086561,94796
330496092_2021,10000,330496092,0,0,1863289,92123,0,0,COMMUNITY HEALTH IMPROVEMENT PARTNERS,0,12-31-2021,2021,1873289,10000
330496092_2020,25000,330496092,0,0,2015213,92123,0,0,COMMUNITY HEALTH IMPROVEMENT PARTNERS,0,12-31-2020,2020,2040213,25000
330496092_2019,262742,330496092,0,0,1970684,92123,0,0,COMMUNITY HEALTH IMPROVEMENT PARTNERS,0,12-31-2019,2019,2233426,262742
330496092_2018,231560,330496092,0,0,2193360,92123,0,0,COMMUNITY HEALTH IMPROVEMENT PARTNERS,0,12-31-2018,2018,2424920,231560
330496092_2017,763293,330496092,0,0,1412677,92123,0,0,COMMUNITY HEALTH IMPROVEMENT PARTNERS,0,12-31-2017,2017,2175970,763293
330496092_2016,1256636,330496092,0,82700,1528859,92123,0,0,COMMUNITY HEALTH IMPROVEMENT PARTNERS,0,12-31-2016,2016,2868195,1339336
330496092_2015,338135,330496092,0,74326,1470129,92123,0,0,COMMUNITY HEALTH IMPROVEMENT PARTNERS,0,12-31-2015,2015,1882590,412461
330496092_2014,382375,330496092,0,37687,820992,92123,0,0,COMMUNITY HEALTH IMPROVEMENT PARTNERS,0,12-31-2014,2014,1241054,420062
330496092_2013,471764,330496092,0,45878,828832,0,0,0,COMMUNITY HEALTH IMPROVEMENT PARTNERS,0,12-31-2013,2013,1346474,517642
953497926_2016,1221054,953497926,1043,0,1074638,92024,0,43662,COMMUNITY RESOURCE CENTER,0,06-30-2017,2016,2301695,1227057
330122462_2021,1564509,330122462,0,256845,6911240,92123,0,1248249,NAMI SAN DIEGO,0,06-30-2022,2021,8732594,1821354
330122462_2020,439141,330122462,0,162038,6535082,92123,0,0,NAMI SAN DIEGO,0,06-30-2021,2020,7136261,601179
330122462_2019,329605,330122462,0,160382,5532949,92123,0,2415,NAMI SAN DIEGO,0,06-30-2020,2019,6022936,489987
330122462_2018,139806,330122462,0,181702,5115093,92123,0,18300,NAMI SAN DIEGO,0,06-30-2019,2018,5436601,321508
330122462_2017,133191,330122462,0,142728,5085050,92123,0,0,NAMI SAN DIEGO,0,06-30-2018,2017,5360969,275919
330122462_2016,134460,330122462,0,17201,5311923,92123,1702,0,NAMI SAN DIEGO,0,06-30-2017,2016,5465286,153363
330122462_2015,255358,330122462,0,17785,4623871,92123,760,0,NAMI SAN DIEGO,0,06-30-2016,2015,4897774,273903
330122462_2014,71894,330122462,0,136342,3196819,92123,1618,0,NAMI SAN DIEGO,0,06-30-2015,2014,3406673,209854
330122462_2013,59229,330122462,0,153276,2117637,0,1881,0,NAMI SAN DIEGO,0,06-30-2014,2013,2332023,214386
465055513_2021,482512,465055513,0,0,3099056,92101,0,0,URBAN STREET ANGELS INC,0,12-31-2021,2021,3581568,482512
465055513_2020,225223,465055513,0,0,2397198,92101,0,0,URBAN STREET ANGELS INC,0,12-31-2020,2020,2622421,225223
465055513_2019,414072,465055513,0,0,1597401,92101,0,0,URBAN STREET ANGELS INC,0,12-31-2019,2019,2011473,414072
465055513_2018,112174,465055513,0,24381,713895,92101,0,0,URBAN STREET ANGELS INC,0,12-31-2018,2018,850450,136555
951648184_2021,624484,951648184,322,248049,103160048,92111,0,0,NEIGHBORHOOD HOUSE ASSN,0,06-30-2022,2021,104032903,872855
951648184_2020,718898,951648184,753,210773,94379296,92111,0,0,NEIGHBORHOOD HOUSE ASSN,0,06-30-2021,2020,95309720,930424
951648184_2019,598531,951648184,819,88990,97559202,92111,0,0,NEIGHBORHOOD HOUSE ASSN,0,06-30-2020,2019,98247542,688340
951648184_2018,638996,951648184,882,197990,95320956,92111,0,74436,NEIGHBORHOOD HOUSE ASSN,0,06-30-2019,2018,96158824,837868
951648184_2017,640431,951648184,2433,90000,92792453,92111,0,65505,NEIGHBORHOOD HOUSE ASSN,0,06-30-2018,2017,93525317,732864
951648184_2016,539917,951648184,4241,208120,85482020,92111,0,0,NEIGHBORHOOD HOUSE ASSN,0,06-30-2017,2016,86234298,752278
951648184_2015,573315,951648184,6215,193732,83944092,92111,0,0,NEIGHBORHOOD HOUSE ASSN,0,06-30-2016,2015,84717354,773262
951648184_2014,333272,951648184,7121,163374,81106064,92111,0,0,NEIGHBORHOOD HOUSE ASSN,0,06-30-2015,2014,81609831,503767
951648184_2013,466969,951648184,3876,89183,76395637,0,0,287665,NEIGHBORHOOD HOUSE ASSN,0,06-30-2014,2013,76955665,560028
941676390_2021,161051,941676390,0,0,2186940,95814,0,0,CALIFORNIA INDIAN LEGAL SERVICES INC,0,12-31-2021,2021,2347991,161051
941676390_2020,18802,941676390,0,0,2026456,92025,0,0,CALIFORNIA INDIAN LEGAL SERVICES INC,0,12-31-2020,2020,2045258,18802
952877102_2021,10756763,952877102,0,1748370,30839048,92705,0,1593022,OLIVE CREST,0,06-30-2022,2021,43344181,12505133
952877102_2020,7369758,952877102,0,1059264,23230878,92705,0,1305317,OLIVE CREST,0,06-30-2021,2020,31659900,8429022
952877102_2019,6938204,952877102,0,869676,24484051,92705,0,1041307,OLIVE CREST,0,06-30-2020,2019,32291931,7807880
952877102_2018,7598041,952877102,4000,678924,23349562,92705,0,1550404,OLIVE CREST,0,06-30-2019,2018,31630527,8280965
952877102_2017,7943754,952877102,96,605500,16321385,92705,0,1400071,OLIVE CREST,0,06-30-2018,2017,24870735,8549350
952877102_2016,4203032,952877102,10864,966205,15660595,92705,0,1888999,OLIVE CREST,0,06-30-2017,2016,20840696,5180101
952877102_2015,5054602,952877102,17333,797844,15325148,92705,0,1772273,OLIVE CREST,0,06-30-2016,2015,21194927,5869779
952877102_2014,3965729,952877102,67625,1129690,16073654,92705,0,2100567,OLIVE CREST,0,06-30-2015,2014,21236698,5163044
952877102_2013,3736113,952877102,76600,383135,15050240,0,0,1293855,OLIVE CREST,0,06-30-2014,2013,19246088,4195848
951869806_2021,372324,951869806,1540,0,20005029,92114,0,6675,LEGAL AID SOCIETY OF SAN DIEGO,0,06-30-2022,2021,20378893,373864
951869806_2020,2875583,951869806,2330,0,16520044,92114,0,0,LEGAL AID SOCIETY OF SAN DIEGO,0,06-30-2021,2020,19397957,2877913
951869806_2019,2669644,951869806,1859,0,14166199,92114,0,0,LEGAL AID SOCIETY OF SAN DIEGO,0,06-30-2020,2019,16837702,2671503
951869806_2018,3568421,951869806,3151,0,13243289,92114,0,0,LEGAL AID SOCIETY OF SAN DIEGO,0,06-30-2019,2018,16814861,3571572
951869806_2017,3883995,951869806,3609,15000,12367467,92114,0,0,LEGAL AID SOCIETY OF SAN DIEGO,0,06-30-2018,2017,16270071,3902604
951869806_2016,4108352,951869806,1677,10000,12558042,92114,0,19250,LEGAL AID SOCIETY OF SAN DIEGO,0,06-30-2017,2016,16678071,4120029
951869806_2015,5125303,951869806,2336,0,13495410,92114,0,9234,LEGAL AID SOCIETY OF SAN DIEGO,0,06-30-2016,2015,18623049,5127639
951869806_2014,3613017,951869806,3514,0,12988512,92114,0,0,LEGAL AID SOCIETY OF SAN DIEGO,0,06-30-2015,2014,16605043,3616531
951869806_2013,3759271,951869806,4012,0,10148597,0,0,0,LEGAL AID SOCIETY OF SAN DIEGO,0,06-30-2014,2013,13911880,3763283
953031682_2020,284250,953031682,0,0,1945475,92105,0,220883,ABLEDISABLED ADVOCACY INC,0,09-30-2021,2020,2229725,284250
953031682_2019,488151,953031682,0,0,2019536,92105,0,404620,ABLEDISABLED ADVOCACY INC,0,09-30-2020,2019,2507687,488151
953031682_2018,377739,953031682,0,0,1962090,92105,0,237256,ABLEDISABLED ADVOCACY INC,0,09-30-2019,2018,2339829,377739
953031682_2017,141338,953031682,0,0,1996303,92105,0,49843,ABLEDISABLED ADVOCACY INC,0,09-30-2018,2017,2137641,141338
953031682_2016,2076118,953031682,0,0,0,92105,0,0,ABLEDISABLED ADVOCACY INC,0,09-30-2017,2016,2076118,2076118
953031682_2015,16974,953031682,0,0,1677760,92105,0,0,ABLEDISABLED ADVOCACY INC,0,09-30-2016,2015,1694734,16974
953031682_2014,350076,953031682,0,0,1698955,92105,0,0,ABLEDISABLED ADVOCACY INC,0,09-30-2015,2014,2049031,350076
953031682_2013,304412,953031682,0,0,1662856,0,0,0,ABLEDISABLED ADVOCACY INC,0,09-30-2014,2013,1967268,304412
952422704_2021,400608,952422704,0,0,2333269,92111,0,0,ACCESS INC,0,06-30-2022,2021,2733877,400608
952422704_2020,346767,952422704,0,0,2479269,92111,0,0,ACCESS INC,0,06-30-2021,2020,2826036,346767
952422704_2019,54220,952422704,0,0,3237974,92111,0,0,ACCESS,0,06-30-2020,2019,3292194,54220
952422704_2018,155665,952422704,0,0,3128388,92111,0,0,ACCESS INC,0,06-30-2019,2018,3284053,155665
952422704_2017,229551,952422704,0,0,2983795,92111,0,0,ACCESS INC,0,06-30-2018,2017,3213346,229551
952422704_2016,205477,952422704,0,0,3075472,92111,0,0,ACCESS INC,0,06-30-2017,2016,3280949,205477
952422704_2015,142987,952422704,0,0,2146844,92111,0,0,ACCESS INC,0,06-30-2016,2015,2289831,142987
952422704_2014,158587,952422704,0,0,1945811,92111,0,0,ACCESS INC,0,06-30-2015,2014,2104398,158587
952422704_2013,11901,952422704,0,0,1846857,0,0,0,ACCESS INC,0,06-30-2014,2013,1858758,11901
952457354_2021,3256460,952457354,0,0,44408141,91911,0,2136983,METROPOLITAN AREA ADVISORY COMMITTEE ON ANTIPOVERTY OF SAN DIEGO COUNTY IN,0,12-31-2021,2021,47664601,3256460
952457354_2020,3522954,952457354,0,0,35941636,91911,0,2632688,METROPOLITAN AREA ADVISORY COMMITTEE ON ANTIPOVERTY OF SAN DIEGO COUNTY IN,0,12-31-2020,2020,39464590,3522954
952457354_2019,2434789,952457354,0,204555,35487026,91911,0,2298104,METROPOLITAN AREA ADVISORY COMMITTEE ON ANTIPOVERTY OF SAN DIEGO COUNTY IN,0,12-31-2019,2019,38126370,2639344
952457354_2018,2412572,952457354,0,35000,29811044,91911,0,1869374,METROPOLITAN AREA ADVISORY COMMITTEE ON ANTIPOVERTY OF SAN DIEGO COUNTY IN,0,12-31-2018,2018,32258616,2447572
952457354_2017,2269306,952457354,0,36800,27582015,91911,0,2049541,METROPOLITAN AREA ADVISORY COMMITTEE ON ANTIPOVERTY OF SAN DIEGO COUNTY IN,0,12-31-2017,2017,29888121,2306106
952457354_2016,2003551,952457354,0,16800,28532127,91911,0,1738321,METROPOLITAN AREA ADVISORY COMMITTEE ON ANTIPOVERTY OF SAN DIEGO COUNTY IN,0,12-31-2016,2016,30552478,2020351
952457354_2015,925726,952457354,0,125830,28333254,91911,0,893295,METROPOLITAN AREA ADVISORY COMMITTEE ON ANTIPOVERTY OF SAN DIEGO COUNTY IN,0,12-31-2015,2015,29384810,1051556
952457354_2013,254541,952457354,0,0,0,0,0,0,METROPOLITAN AREA ADVISORY COMMITTEE ON ANTIPOVERTY OF SAN DIEGO COUNTY INC,0,12-31-2013,2013,254541,254541
330433314_2021,970523,330433314,0,521275,598626,92101,0,142849,NATIONAL CONFLICT RESOLUTION CENTER,0,06-30-2022,2021,2090424,1491798
330433314_2020,2067172,330433314,0,1200,462250,92101,0,15150,NATIONAL CONFLICT RESOLUTION CENTER,0,06-30-2021,2020,2530622,2068372
330433314_2019,986074,330433314,0,0,1178817,92101,0,0,NATIONAL CONFLICT RESOLUTION CENTER,0,06-30-2020,2019,2164891,986074
270447059_2021,229074,270447059,0,0,845519,92176,0,0,DREAMS FOR CHANGE INC,0,12-31-2021,2021,1074593,229074
270447059_2020,434903,270447059,0,0,717584,92176,0,0,DREAMS FOR CHANGE INC,0,12-31-2020,2020,1152487,434903
270447059_2019,421536,270447059,0,0,600504,92176,0,0,DREAMS FOR CHANGE,0,12-31-2019,2019,1022040,421536
270447059_2018,492397,270447059,0,0,345041,92176,0,0,DREAMS FOR CHANGE,0,12-31-2018,2018,837438,492397
270447059_2017,589875,270447059,0,0,13723,92176,0,0,DREAMS FOR CHANGE,0,12-31-2017,2017,603598,589875
270447059_2016,367905,270447059,0,0,0,92176,0,0,DREAMS FOR CHANGE,0,12-31-2016,2016,367905,367905
270447059_2015,363988,270447059,0,0,0,92176,0,0,DREAMS FOR CHANGE,0,12-31-2015,2015,363988,363988
270447059_2014,206298,270447059,0,0,0,92176,0,0,DREAMS FOR CHANGE,0,12-31-2014,2014,206298,206298
270447059_2013,82706,270447059,0,0,23051,0,0,0,DREAMS FOR CHANGE,0,12-31-2013,2013,105757,82706
942358632_2021,1186451,942358632,0,366680,16561736,92123,0,10000,WALDEN ENVIRONMENT DBA WALDEN FAMILY SERVICES,0,06-30-2022,2021,18114867,1553131
942358632_2020,833046,942358632,0,0,17100546,92123,0,3100,WALDEN ENVIRONMENT DBA WALDEN FAMILY SERVICES,0,06-30-2021,2020,17933592,833046
942358632_2019,658669,942358632,0,1071693,16055428,92123,0,35545,WALDEN ENVIRONMENT INC DBA WALDEN FAMILY SERVICES,0,06-30-2020,2019,17785790,1730362
942358632_2018,441793,942358632,0,1007674,13353015,92123,0,681176,WALDEN ENVIRONMENT INC DBA WALDEN FAMILY SERVICES,0,12-31-2018,2018,14802482,1449467
942358632_2017,252500,942358632,0,0,0,92123,0,0,WALDEN ENVIRONMENT INC DBA WALDEN FAMILY SERVICES,0,12-31-2017,2017,252500,252500
942358632_2016,433600,942358632,0,0,0,92123,0,1200,WALDEN ENVIRONMENT INC DBA WALDEN FAMILY SERVICES,0,12-31-2016,2016,433600,433600
942358632_2015,203057,942358632,0,0,0,92123,0,4040,WALDEN ENVIRONMENT INC DBA WALDEN FAMILY SERVICES,0,12-31-2015,2015,203057,203057
942358632_2014,216481,942358632,0,0,0,92120,0,811,WALDEN ENVIRONMENT INC DBA WALDEN FAMILY SERVICES,0,12-31-2014,2014,216481,216481
942358632_2013,101535,942358632,0,0,0,0,0,0,WALDEN ENVIRONMENT INC DBA WALDEN FAMILY SERVICES,0,12-31-2013,2013,101535,101535
261712580_2022,7171594,261712580,0,0,0,92112,0,0,EQUALITY ALLIANCE OF SAN DIEGO,0,12-31-2022,2022,7171594,7171594
261712580_2021,4616925,261712580,0,72165,0,92112,0,0,EQUALITY ALLIANCE OF SAN DIEGO,0,12-31-2021,2021,4689090,4689090
261712580_2020,4179440,261712580,0,0,242800,92112,5050,0,EQUALITY ALLIANCE OF SAN DIEGO COUNTY,0,12-31-2020,2020,4427290,4184490
261712580_2019,1800844,261712580,0,0,0,92112,9365,0,EQUALITY ALLIANCE OF SAN DIEGO COUNTY,0,12-31-2019,2019,1810209,1810209
261712580_2018,2631980,261712580,0,0,0,92112,9375,0,EQUALITY ALLIANCE OF SAN DIEGO COUNTY,0,12-31-2018,2018,2641355,2641355
261712580_2017,1624468,261712580,0,0,0,92112,0,0,EQUALITY ALLIANCE OF SAN DIEGO COUNTY,0,12-31-2017,2017,1624468,1624468
261712580_2016,2424704,261712580,0,0,0,92112,0,0,EQUALITY ALLIANCE OF SAN DIEGO COUNTY,0,12-31-2016,2016,2424704,2424704
261712580_2015,1236342,261712580,0,0,0,92112,0,0,EQUALITY ALLIANCE OF SAN DIEGO COUNTY,0,12-31-2015,2015,1236342,1236342
261712580_2014,1558845,261712580,0,0,0,92112,0,0,EQUALITY ALLIANCE OF SAN DIEGO COUNTY,0,12-31-2014,2014,1558845,1558845
261712580_2013,1294766,261712580,0,0,0,0,4050,0,EQUALITY ALLIANCE OF SAN DIEGO COUNTY,0,12-31-2013,2013,1298816,1298816
330317950_2021,1487867,330317950,0,0,2407658,92108,0,0,COMMUNITY HOUSING WORKS,1275925,12-31-2021,2021,5171450,2763792
330317950_2020,1364328,330317950,0,0,1628956,92108,0,0,COMMUNITY HOUSING WORKS,3252996,12-31-2020,2020,6246280,4617324
330317950_2019,944973,330317950,0,0,1426417,92108,0,0,COMMUNITY HOUSING WORKS,2915400,12-31-2019,2019,5286790,3860373
330317950_2018,988317,330317950,0,0,5739760,92108,0,0,COMMUNITY HOUSING WORKS,0,12-31-2018,2018,6728077,988317
330317950_2017,557296,330317950,0,201036,847813,92108,0,0,COMMUNITY HOUSING WORKS,0,12-31-2017,2017,1606145,758332
330317950_2016,501953,330317950,0,178333,910318,92108,0,0,COMMUNITY HOUSING WORKS,0,12-31-2016,2016,1590604,680286
330317950_2015,1355637,330317950,0,0,2257896,92108,0,0,COMMUNITY HOUSING WORKS,0,12-31-2015,2015,3613533,1355637
330317950_2014,2127522,330317950,0,0,0,92108,0,0,COMMUNITY HOUSING WORKS,0,12-31-2014,2014,2127522,2127522
330317950_2013,3077285,330317950,0,0,0,0,0,0,COMMUNITY HOUSING WORKS,0,12-31-2013,2013,3077285,3077285
952213995_2021,899021,952213995,4791394,0,1368458,92123,0,0,UNITED WAY OF SAN DIEGO COUNTY,0,06-30-2022,2021,7058873,5690415
952213995_2020,742336,952213995,5536302,108400,1403862,92123,0,0,UNITED WAY OF SAN DIEGO COUNTY,0,06-30-2021,2020,7790900,6387038
952213995_2019,1812137,952213995,6556292,0,2803722,92123,0,7360,UNITED WAY OF SAN DIEGO COUNTY,0,06-30-2020,2019,11172151,8368429
952213995_2018,663710,952213995,7049076,70375,509810,92123,0,0,UNITED WAY OF SAN DIEGO COUNTY,0,06-30-2019,2018,8292971,7783161
952213995_2017,453929,952213995,7976397,0,79332,92123,0,143347,UNITED WAY OF SAN DIEGO COUNTY,0,06-30-2018,2017,8509658,8430326
952213995_2016,918225,952213995,11952024,107258,913342,92123,0,1833,UNITED WAY OF SAN DIEGO COUNTY,0,06-30-2017,2016,13890849,12977507
952213995_2015,754543,952213995,13299476,37500,901775,92123,0,10000,UNITED WAY OF SAN DIEGO COUNTY,0,06-30-2016,2015,14993294,14091519
952213995_2014,756087,952213995,14528801,19500,69775,92123,0,5761,UNITED WAY OF SAN DIEGO COUNTY,0,06-30-2015,2014,15374163,15304388
952213995_2013,2012161,952213995,14649278,17000,57024,0,0,23815,UNITED WAY OF SAN DIEGO COUNTY,0,06-30-2014,2013,16735463,16678439
272917644_2017,132638,272917644,0,0,0,92105,0,0,KAREN ORGANIZATION OF SAN DIEGO,0,12-31-2017,2017,135526,135526
330008269_2021,15265,330008269,0,0,11022640,92123,0,0,ADJOIN FORMERLY COMMUNITY CATALYSTS OF CA,0,12-31-2021,2021,11037905,15265
330008269_2020,136902,330008269,0,0,7508861,92111,0,0,COMMUNITY CATALYSTS OF CALIFORNIA,0,12-31-2020,2020,7645763,136902
330008269_2019,18835,330008269,0,0,4315826,92111,0,0,COMMUNITY CATALYSTS OF CALIFORNIA,0,12-31-2019,2019,4334661,18835
330008269_2018,15457,330008269,0,0,4486116,92111,0,0,COMMUNITY CATALYSTS OF CALIFORNIA,0,12-31-2018,2018,4501573,15457
330008269_2017,13450,330008269,0,0,4079963,92111,0,0,COMMUNITY CATALYSTS OF CALIFORNIA,0,12-31-2017,2017,4093413,13450
330008269_2016,14732,330008269,0,0,4117430,92111,0,0,COMMUNITY CATALYSTS OF CALIFORNIA,0,12-31-2016,2016,4132162,14732
330008269_2015,15146,330008269,0,0,2577779,92111,0,0,COMMUNITY CATALYSTS OF CALIFORNIA,0,12-31-2015,2015,2592925,15146
330008269_2014,23405,330008269,0,0,2111479,92111,0,0,COMMUNITY CATALYSTS OF CALIFORNIA,0,12-31-2014,2014,2134884,23405
330008269_2013,29269,330008269,0,0,1057513,0,0,0,COMMUNITY CATALYSTS OF CALIFORNIA,0,12-31-2013,2013,1086782,29269
952949636_2020,158572,952949636,0,0,0,92127,0,0,CATHEDRAL PLAZA DEVELOPMENT CORP CO ROYAL PROPERTY MGMT GROUP INC,0,06-30-2021,2020,158572,158572
952949636_2019,0,952949636,0,0,132432,92127,0,0,CATHEDRAL PLAZA DEVELOPMENT CORP CO ROYAL PROPERTY MGMT GROUP INC,0,06-30-2020,2019,132432,0
952949636_2018,0,952949636,0,0,161530,92127,0,0,CATHEDRAL PLAZA DEVELOPMENT CORP CO ROYAL PROPERTY MGMT GROUP INC,0,06-30-2019,2018,161530,0
952949636_2017,0,952949636,0,0,139382,92127,0,0,CATHEDRAL PLAZA DEVELOPMENT CORP CO ROYAL PROPERTY MGMT GROUP INC,0,06-30-2018,2017,139382,0
952949636_2016,0,952949636,0,0,141447,92127,0,0,CATHEDRAL PLAZA DEVELOPMENT CORP CO ROYAL PROPERTY MGMT GROUP INC,0,06-30-2017,2016,141447,0
952949636_2015,0,952949636,0,0,320264,92127,0,0,CATHEDRAL PLAZA DEVELOPMENT CORP CO ROYAL PROPERTY MGMT GROUP INC,0,06-30-2016,2015,320264,0
952949636_2014,0,952949636,0,0,433182,92127,0,0,CATHEDRAL PLAZA DEVELOPMENT CORP CO ROYAL PROPERTY MGMT GROUP INC,0,06-30-2015,2014,433182,0
263405689_2015,559739,263405689,0,0,153154,92108,0,0,GENERATEHOPE INC,0,12-31-2015,2015,725208,572054
330553704_2021,9025,330553704,0,0,0,92020,0,0,SAN DIEGO EAST COUNTY CHAMBER FDN,0,06-30-2022,2021,9025,9025
330553704_2020,26081,330553704,0,0,0,92020,0,0,SAN DIEGO EAST COUNTY CHAMBER FDN,0,06-30-2021,2020,26081,26081
330553704_2019,270323,330553704,0,0,7000,92020,0,0,SAN DIEGO EAST COUNTY CHAMBER FDN,0,06-30-2020,2019,277323,270323
330623634_2021,301693,330623634,0,0,1404789,92104,0,0,TOWNSPEOPLE,0,12-31-2021,2021,1706482,301693
330623634_2020,118579,330623634,0,0,1222446,92103,0,0,TOWNSPEOPLE,0,12-31-2020,2020,1341025,118579
330623634_2019,25747,330623634,0,0,1043179,92103,0,0,TOWNSPEOPLE,0,12-31-2019,2019,1068926,25747
330623634_2018,128187,330623634,0,0,830118,92103,0,0,TOWNSPEOPLE,0,12-31-2018,2018,958305,128187
330623634_2017,18984,330623634,0,0,685289,92103,0,3430,TOWNSPEOPLE,0,12-31-2017,2017,704273,18984
330623634_2016,14274,330623634,0,0,732642,92103,0,0,TOWNSPEOPLE,0,12-31-2016,2016,746916,14274
330623634_2015,16277,330623634,0,0,450427,92103,0,0,TOWNSPEOPLE,0,12-31-2015,2015,466704,16277
330623634_2014,44853,330623634,0,0,326207,92103,0,0,TOWNSPEOPLE,0,12-31-2014,2014,371060,44853
330623634_2013,35474,330623634,0,0,595951,0,0,0,TOWNSPEOPLE,0,12-31-2013,2013,631425,35474
956379598_2021,850877,956379598,0,463831,5516946,92109,0,16256,CENTER FOR COMMUNITY SOLUTIONS,0,06-30-2022,2021,6831654,1314708
956379598_2020,1295828,956379598,0,493759,4983768,92109,0,21422,CENTER FOR COMMUNITY SOLUTIONS,0,06-30-2021,2020,6773355,1789587
956379598_2019,943753,956379598,0,169778,4963840,92109,0,50456,CENTER FOR COMMUNITY SOLUTIONS,0,06-30-2020,2019,6077371,1113531
956379598_2018,731655,956379598,0,431150,4702859,92109,0,33999,CENTER FOR COMMUNITY SOLUTIONS,0,06-30-2019,2018,5865664,1162805
956379598_2017,719296,956379598,0,286098,4101800,92109,0,35080,CENTER FOR COMMUNITY SOLUTIONS,0,06-30-2018,2017,5107194,1005394
956379598_2016,747187,956379598,0,180995,3654739,92109,0,91441,CENTER FOR COMMUNITY SOLUTIONS,0,06-30-2017,2016,4582921,928182
956379598_2015,596261,956379598,0,238746,3215028,92109,0,29180,CENTER FOR COMMUNITY SOLUTIONS,0,06-30-2016,2015,4050035,835007
956379598_2014,693548,956379598,0,222496,3027355,92109,0,18123,CENTER FOR COMMUNITY SOLUTIONS,0,06-30-2015,2014,3943399,916044
956379598_2013,1234390,956379598,0,314055,2686916,0,0,172083,CENTER FOR COMMUNITY SOLUTIONS,0,06-30-2014,2013,4235361,1548445
270865318_2021,4219724,270865318,0,0,0,92021,0,3264414,EAST COUNTY TRANSITIONAL LIVING CENTER INC,0,12-31-2021,2021,4219724,4219724
270865318_2020,3247868,270865318,0,0,0,92021,0,2243641,EAST COUNTY TRANSITIONAL LIVING CENTER INC,0,12-31-2020,2020,3247868,3247868
270865318_2019,1616436,270865318,0,0,0,92021,0,1140751,EAST COUNTY TRANSITIONAL LIVING CENTER INC,0,12-31-2019,2019,1616436,1616436
270865318_2018,2215373,270865318,0,0,0,92021,0,1511646,EAST COUNTY TRANSITIONAL LIVING CENTER INC,0,12-31-2018,2018,2215373,2215373
270865318_2017,1549664,270865318,0,0,80004,92021,0,905744,EAST COUNTY TRANSITIONAL LIVING CENTER INC,0,12-31-2017,2017,1629668,1549664
270865318_2016,692054,270865318,0,0,164573,92021,0,580726,EAST COUNTY TRANSITIONAL LIVING CENTER INC,0,12-31-2016,2016,856627,692054
270865318_2015,633257,270865318,0,0,77030,92021,0,412106,EAST COUNTY TRANSITIONAL LIVING CENTER INC,0,12-31-2015,2015,710287,633257
270865318_2014,205197,270865318,0,0,0,92021,0,75,EAST COUNTY TRANSITIONAL LIVING CENTER INC,0,12-31-2014,2014,205197,205197
270865318_2013,668090,270865318,0,0,140946,0,0,563555,EAST COUNTY TRANSITIONAL LIVING CENTER INC,0,12-31-2013,2013,809036,668090
952157559_2021,86334,952157559,0,0,1752444,92104,0,0,PATHFINDERS OF SAN DIEGO,0,06-30-2022,2021,1838778,86334
952157559_2020,49186,952157559,0,0,1582762,92104,0,0,PATHFINDERS OF SAN DIEGO,0,06-30-2021,2020,1631948,49186
952157559_2019,5658,952157559,0,0,1191318,92104,0,0,PATHFINDERS OF SAN DIEGO,0,06-30-2020,2019,1196976,5658
952157559_2018,88694,952157559,0,0,1174540,92104,0,0,PATHFINDERS OF SAN DIEGO,0,06-30-2019,2018,1263234,88694
952157559_2017,44220,952157559,0,0,544103,92104,0,0,PATHFINDERS OF SAN DIEGO,0,06-30-2018,2017,588323,44220
952157559_2016,165917,952157559,0,0,460914,92104,0,0,PATHFINDERS OF SAN DIEGO,0,06-30-2017,2016,626831,165917
952157559_2015,37895,952157559,0,0,484499,92104,0,0,PATHFINDERS OF SAN DIEGO,0,06-30-2016,2015,522394,37895
952157559_2014,52975,952157559,0,0,482738,92104,0,0,PATHFINDERS OF SAN DIEGO,0,06-30-2015,2014,535713,52975
953138268_2021,2417336,953138268,0,96200,9547671,92108,0,49427,HOME START INC,0,06-30-2022,2021,12061207,2513536
953138268_2020,1979791,953138268,0,148040,9010990,92108,0,53907,HOME START INC,0,06-30-2021,2020,11138821,2127831
953138268_2019,1628594,953138268,0,116759,6289693,92108,0,110061,HOME START INC,0,06-30-2020,2019,8035046,1745353
953138268_2018,734168,953138268,0,157560,4585241,92108,0,91413,HOME START INC,0,06-30-2019,2018,5476969,891728
953138268_2017,915600,953138268,0,128764,4647050,92108,0,470035,HOME START INC,0,06-30-2018,2017,5691414,1044364
953138268_2016,1709373,953138268,0,124963,4427963,92108,0,529998,HOME START INC,0,06-30-2017,2016,6262299,1834336
953138268_2015,2181271,953138268,0,60824,4395128,92108,0,650718,HOME START INC,0,06-30-2016,2015,6637223,2242095
953138268_2014,2530596,953138268,0,0,3856122,92108,0,504545,HOME START INC,0,06-30-2015,2014,6386718,2530596
953368020_2015,160,953368020,0,0,0,91911,0,0,KIKU GARDENS INC,0,06-30-2016,2015,1285,1285
273390797_2020,374295,273390797,0,0,293380,92105,0,5000,SOMALI BANTU ASSOCIATION OF AMERICA,0,06-30-2021,2020,667675,374295
273390797_2019,233989,273390797,0,0,402438,92105,0,463,SOMALI BANTU ASSOCIATION OF AMERICA,0,06-30-2020,2019,636427,233989
273390797_2018,221576,273390797,0,0,252176,92105,0,1000,SOMALI BANTU ASSOCIATION OF AMERICA,0,06-30-2019,2018,473752,221576
273390797_2017,393129,273390797,0,0,0,92105,0,15488,SOMALI BANTU ASSOCIATION OF AMERICA,0,06-30-2018,2017,393129,393129
951944230_2020,0,951944230,0,0,0,92123,0,0,VISTA HILL FOUNDATION,421222,09-30-2021,2020,421222,421222
951944230_2019,0,951944230,0,0,0,92123,0,0,VISTA HILL FOUNDATION,829467,09-30-2020,2019,829467,829467
951944230_2018,50000,951944230,0,0,0,92123,0,0,VISTA HILL FOUNDATION,519227,09-30-2019,2018,569227,569227
951944230_2017,0,951944230,0,0,0,92123,0,0,VISTA HILL FOUNDATION,1143385,09-30-2018,2017,1143385,1143385
951944230_2016,25000,951944230,0,0,0,92123,0,0,VISTA HILL FOUNDATION,1144538,09-30-2017,2016,1169538,1169538
951944230_2015,0,951944230,0,0,0,92123,0,0,VISTA HILL FOUNDATION,1081289,09-30-2016,2015,1081289,1081289
951944230_2014,0,951944230,0,0,0,92123,0,0,VISTA HILL FOUNDATION,1164736,09-30-2015,2014,1164736,1164736
951944230_2013,0,951944230,0,0,0,0,0,0,VISTA HILL FOUNDATION,833367,09-30-2014,2013,833367,833367
237279074_2021,595309,237279074,170,44349,0,92102,0,53487,UNION OF PAN ASIAN COMMUNITIES,0,06-30-2022,2021,639828,639828
237279074_2020,524550,237279074,216,77662,33272,92102,0,0,UNION OF PAN ASIAN COMMUNITIES,0,06-30-2021,2020,635700,602428
237279074_2019,561746,237279074,56,0,0,92102,0,0,UNION OF PAN ASIAN COMMUNITIES,0,06-30-2020,2019,561802,561802
237279074_2018,299784,237279074,387,134109,0,92102,0,0,UNION OF PAN ASIAN COMMUNITIES,0,06-30-2019,2018,434280,434280
237279074_2017,443582,237279074,219,123225,0,92102,0,0,UNION OF PAN ASIAN COMMUNITIES,0,06-30-2018,2017,567026,567026
237279074_2016,378054,237279074,777,118088,0,92102,0,0,UNION OF PAN ASIAN COMMUNITIES,0,06-30-2017,2016,496919,496919
237279074_2015,282200,237279074,1083,120006,0,92102,0,0,UNION OF PAN ASIAN COMMUNITIES,0,06-30-2016,2015,403289,403289
237279074_2014,254538,237279074,752,108729,0,92102,0,0,UNION OF PAN ASIAN COMMUNITIES,0,06-30-2015,2014,364019,364019
237279074_2013,301674,237279074,3256,0,0,0,0,0,UNION OF PAN ASIAN COMMUNITIES,0,06-30-2014,2013,304930,304930
821946283_2021,353094,821946283,0,0,0,92101,0,0,SDHC BUILDING OPPORTUNITIES INC,0,06-30-2022,2021,353094,353094
821946283_2020,116000,821946283,0,0,0,92101,0,0,SDHC BUILDING OPPORTUNITIES INC,0,06-30-2021,2020,116000,116000
821946283_2019,366114,821946283,0,0,0,92101,0,0,SDHC BUILDING OPPORTUNITIES INC,0,06-30-2020,2019,366114,366114
951945256_2021,718360,951945256,0,194185,29144007,91950,0,0,EPISCOPAL COMMUNITY SERVICES,0,06-30-2022,2021,30056552,912545
951945256_2020,606991,951945256,0,151115,26417739,91950,0,0,EPISCOPAL COMMUNITY SERVICES,0,06-30-2021,2020,27175845,758106
951945256_2019,568432,951945256,0,168750,26628948,91950,0,76845,EPISCOPAL COMMUNITY SERVICES,0,06-30-2020,2019,27366130,737182
951945256_2018,527617,951945256,0,137949,25902728,91950,0,129159,EPISCOPAL COMMUNITY SERVICES,0,06-30-2019,2018,26568294,665566
951945256_2017,719216,951945256,0,124077,23934591,91950,0,0,EPISCOPAL COMMUNITY SERVICES,0,06-30-2018,2017,24777884,843293
951945256_2016,301556,951945256,0,101625,22673613,91950,0,0,EPISCOPAL COMMUNITY SERVICES,0,06-30-2017,2016,23076794,403181
951945256_2015,340084,951945256,0,51225,22100447,91950,0,0,EPISCOPAL COMMUNITY SERVICES,0,06-30-2016,2015,22491756,391309
951945256_2014,289319,951945256,2158,40700,21298296,91950,0,0,EPISCOPAL COMMUNITY SERVICES,0,06-30-2015,2014,21630473,332177
951945256_2013,323170,951945256,2552,19000,19316434,0,0,0,EPISCOPAL COMMUNITY SERVICES,0,06-30-2014,2013,19661156,344722
330006089_2021,70092,330006089,1801,0,1870912,92108,0,0,DEAF COMMUNITY SERVICES OF SAN DIEGO INC,0,06-30-2022,2021,1942805,71893
330006089_2020,134573,330006089,1980,0,1942352,92108,0,0,DEAF COMMUNITY SERVICES OF SAN DIEGO INC,0,06-30-2021,2020,2078905,136553
330006089_2019,144693,330006089,2787,0,2656426,92108,0,0,DEAF COMMUNITY SERVICES OF SAN DIEGO INC,0,06-30-2020,2019,2803906,147480
330006089_2018,165828,330006089,3178,34205,2111657,92108,0,0,DEAF COMMUNITY SERVICES OF SAN DIEGO INC,0,06-30-2019,2018,2314868,203211
330006089_2017,124495,330006089,2240,0,1438267,92108,0,0,DEAF COMMUNITY SERVICES OF SAN DIEGO INC,0,06-30-2018,2017,1565002,126735
562613191_2021,236674,562613191,0,0,1434028,92082,0,0,STRONG HEARTED NATIVE WOMENS COALITION INC,0,06-30-2022,2021,1670702,236674
562613191_2020,45625,562613191,0,0,1025846,92082,0,0,STRONG HEARTED NATIVE WOMENS COALITION INC,0,06-30-2021,2020,1071471,45625
562613191_2019,26017,562613191,0,0,921567,92082,0,0,STRONG HEARTED NATIVE WOMENS COALITION INC,0,06-30-2020,2019,947584,26017
562613191_2018,3574,562613191,0,0,876189,92082,0,0,STRONG HEARTED NATIVE WOMENS COALITION INC,0,06-30-2019,2018,879763,3574
562613191_2017,7109,562613191,0,0,799422,92082,0,0,STRONG HEARTED NATIVE WOMENS COALITION INC,0,06-30-2018,2017,806531,7109
953798088_2021,0,953798088,0,0,21822,92127,0,0,GUADALUPE PLAZA DEVELOPMENT CORPORATION,0,12-31-2021,2021,21822,0
953798088_2020,0,953798088,0,0,46247,92127,0,0,GUADALUPE PLAZA DEVELOPMENT CORPORATION,0,12-31-2020,2020,46247,0
953798088_2019,0,953798088,0,0,60562,92127,0,0,GUADALUPE PLAZA DEVELOPMENT CORPORATION,0,12-31-2019,2019,60562,0
953798088_2018,0,953798088,0,0,77704,92127,0,0,GUADALUPE PLAZA DEVELOPMENT CORPORATION,0,12-31-2018,2018,77704,0
953798088_2017,0,953798088,0,0,64454,92127,0,0,GUADALUPE PLAZA DEVELOPMENT CORPORATION,0,12-31-2017,2017,64454,0
953798088_2016,0,953798088,0,0,61998,92127,0,0,GUADALUPE PLAZA DEVELOPMENT CORPORATION,0,12-31-2016,2016,61998,0
953798088_2015,0,953798088,0,0,72019,92127,0,0,GUADALUPE PLAZA DEVELOPMENT CORPORATION,0,12-31-2015,2015,72019,0
951644024_2020,13159624,951644024,0,72703,21236898,92123,0,247272,JEWISH FAMILY SERVICE OF SAN DIEGO,7303371,06-30-2021,2020,41772596,20535698
951644024_2019,12516117,951644024,0,8530,16665713,92123,0,122210,JEWISH FAMILY SERVICE OF SAN DIEGO,2200000,06-30-2020,2019,31390360,14724647
951644024_2018,15812839,951644024,0,382685,11727667,92123,0,126480,JEWISH FAMILY SERVICE OF SAN DIEGO,2042808,06-30-2019,2018,29965999,18238332
951644024_2017,7917964,951644024,0,291286,7074276,92123,0,286966,JEWISH FAMILY SERVICE OF SAN DIEGO,1531126,06-30-2018,2017,16814652,9740376
951644024_2016,7980152,951644024,158030,223371,8064950,92123,0,118276,JEWISH FAMILY SERVICE OF SAN DIEGO,100000,06-30-2017,2016,16526503,8461553
951644024_2015,6851622,951644024,0,88548,7628861,92123,0,149927,JEWISH FAMILY SERVICE OF SAN DIEGO,70000,06-30-2016,2015,14639031,7010170
951644024_2014,6723581,951644024,0,249428,7072121,92123,0,175948,JEWISH FAMILY SERVICE OF SAN DIEGO,50000,06-30-2015,2014,14095130,7023009
951644024_2013,7313739,951644024,0,131648,6741356,0,0,140200,JEWISH FAMILY SERVICE OF SAN DIEGO,1159200,06-30-2014,2013,15345943,8604587
571162424_2021,790394,571162424,89250,0,429733,90807,0,27870,KINGDOM CAUSES INC CITY NET BEDROCK CREEK,0,12-31-2021,2021,1309377,879644
571162424_2020,487546,571162424,9965,0,0,90807,0,139062,KINGDOM CAUSES INC CITY NET BEDROCK CREEK,0,12-31-2020,2020,497511,497511
571162424_2019,1035566,571162424,39087,0,0,90807,0,952925,KINGDOM CAUSES INC,0,12-31-2019,2019,1074653,1074653
571162424_2018,113906,571162424,0,0,0,90807,0,0,KINGDOM CAUSES INC DBA CITY NET BEDROCK CREEK,0,12-31-2018,2018,113906,113906
571162424_2017,172350,571162424,0,0,22500,90809,0,0,KINGDOM CAUSES INC DBA CITY NET BEDROCK CREEK,0,12-31-2017,2017,194850,172350
571162424_2016,100072,571162424,0,0,45928,90809,0,0,KINGDOM CAUSES INC DBA CITY NET BEDROCK CREEK,0,12-31-2016,2016,146000,100072
571162424_2015,177099,571162424,0,0,57119,90809,0,0,KINGDOM CAUSES INC DBA CITY NET BEDROCK CREEK,0,12-31-2015,2015,234218,177099
571162424_2014,449840,571162424,0,0,269904,90809,0,0,KINGDOM CAUSES INC DBA CITY NET BEDROCK CREEK,10335,12-31-2014,2014,730079,460175
571162424_2013,274500,571162424,0,0,106888,0,0,0,KINGDOM CAUSES INC DBA CITY NET BEDROCK CREEK,18375,12-31-2013,2013,399763,292875
237161267_2021,5513833,237161267,0,0,19481149,92082,0,142150,SOUTHERN CALIFORNIA TRIBAL CHAIRMENS ASSOCIATION,0,03-31-2022,2021,24994982,5513833
237161267_2020,4040759,237161267,0,0,15254349,92082,0,83169,SOUTHERN CALIFORNIA TRIBAL CHAIRMENS ASSOCIATION,0,03-31-2021,2020,19295108,4040759
237161267_2019,3801316,237161267,0,0,16187588,92082,0,109457,SOUTHERN CALIFORNIA TRIBAL CHAIRMENS ASSOCIATION,0,03-31-2020,2019,19988904,3801316
237161267_2018,3433623,237161267,0,0,15031002,92082,0,159069,SOUTHERN CALIFORNIA TRIBAL CHAIRMENS ASSOCIATION,0,03-31-2019,2018,18464625,3433623
237161267_2017,3301262,237161267,0,0,14642740,92082,0,142164,SOUTHERN CALIFORNIA TRIBAL CHAIRMENS ASSOCIATION,0,03-31-2018,2017,17944002,3301262
237161267_2016,2860730,237161267,0,0,14998644,92082,0,138656,SOUTHERN CALIFORNIA TRIBAL CHAIRMENS ASSOCIATION,0,03-31-2017,2016,17859374,2860730
237161267_2015,2746407,237161267,0,0,15121712,92082,0,137017,SOUTHERN CALIFORNIA TRIBAL CHAIRMENS ASSOCIATION,0,03-31-2016,2015,17868119,2746407
237161267_2014,2690773,237161267,0,0,14582040,92082,0,136381,SOUTHERN CALIFORNIA TRIBAL CHAIRMENS ASSOCIATION,0,03-31-2015,2014,17272813,2690773
237161267_2013,2782242,237161267,0,0,14784217,0,0,136516,SOUTHERN CALIFORNIA TRIBAL CHAIRMENS ASSOCIATION,0,03-31-2014,2013,17566459,2782242
571214920_2016,267403,571214920,0,0,54430,92084,0,0,OPERATION HOPE  VISTA INCORPORATED,0,06-30-2017,2016,342522,288092
953782164_2020,120824,953782164,0,0,19406720,91901,0,59013,SOUTHERN INDIAN HEALTH COUNCIL,0,09-30-2021,2020,19527544,120824
953782164_2019,54763,953782164,0,0,15329504,91901,0,54763,SOUTHERN INDIAN HEALTH COUNCIL,0,09-30-2020,2019,15384267,54763
953782164_2018,171201,953782164,0,0,12821614,91901,0,44396,SOUTHERN INDIAN HEALTH COUNCIL,0,09-30-2019,2018,12992815,171201
953782164_2017,227741,953782164,0,0,12039956,91901,0,42532,SOUTHERN INDIAN HEALTH COUNCIL,0,09-30-2018,2017,12267697,227741
953782164_2016,378725,953782164,0,0,11237004,91901,0,39036,SOUTHERN INDIAN HEALTH COUNCIL,0,09-30-2017,2016,11615729,378725
953782164_2015,926092,953782164,0,0,10326684,91901,0,96307,SOUTHERN INDIAN HEALTH COUNCIL,0,09-30-2016,2015,11252776,926092
953782164_2014,638433,953782164,0,0,10459020,91901,0,123626,SOUTHERN INDIAN HEALTH COUNCIL INC,0,09-30-2015,2014,11097453,638433
953782164_2013,145941,953782164,0,0,9395777,0,0,97417,SOUTHERN INDIAN HEALTH COUNCIL INC,0,09-30-2014,2013,9541718,145941
237332048_2020,5085443,237332048,0,0,5499751,92163,0,0,THE SAN DIEGO LESBIAN GAY BISEXUAL TRANSGENDER COMMUNITY CENTER,0,06-30-2021,2020,10585194,5085443
237332048_2019,4003879,237332048,0,0,3582838,92163,0,0,THE SAN DIEGO LESBIANGAY BISEXUAL TRANSGENDER COMMUNITY CENTER,0,06-30-2020,2019,7586717,4003879
237332048_2018,4898662,237332048,0,0,2417854,92163,0,0,THE SAN DIEGO LESBIANGAY BISEXUAL TRANSGENDER COMMUNITY CENTER,0,06-30-2019,2018,7316516,4898662
237332048_2017,4786412,237332048,0,0,2618909,92163,0,0,THE SAN DIEGO LESBIANGAY BISEXUAL TRANSGENDER COMMUNITY CENTER,0,06-30-2018,2017,7405321,4786412
237332048_2016,4105894,237332048,0,0,2674347,92163,0,0,THE SAN DIEGO LESBIANGAY BISEXUAL TRANSGENDER COMMUNITY CENTER,0,06-30-2017,2016,6780241,4105894
237332048_2015,2588997,237332048,0,0,2265389,92163,0,0,THE SAN DIEGO LESBIANGAY BISEXUAL TRANSGENDER COMMUNITY CENTER,0,06-30-2016,2015,4854386,2588997
237332048_2014,2867228,237332048,0,0,1807212,92163,0,0,THE SAN DIEGO LESBIANGAY BISEXUAL TRANSGENDER COMMUNITY CENTER,0,06-30-2015,2014,4674440,2867228
330215585_2021,3558897,330215585,0,212917,20294300,92103,0,1630789,ALPHA PROJECT FOR THE HOMELESS,0,06-30-2022,2021,24066114,3771814
330215585_2020,3338814,330215585,0,145859,18162046,92103,0,1199956,ALPHA PROJECT FOR THE HOMELESS,0,06-30-2021,2020,21646719,3484673
330215585_2019,10930710,330215585,0,47749,15957289,92103,0,1540175,ALPHA PROJECT FOR THE HOMELESS,0,06-30-2020,2019,26935748,10978459
330215585_2018,14101032,330215585,0,0,2476001,92103,0,1757375,ALPHA PROJECT FOR THE HOMELESS,0,06-30-2019,2018,16577033,14101032
330215585_2017,8974475,330215585,0,0,1972019,92103,0,1743782,ALPHA PROJECT FOR THE HOMELESS,0,06-30-2018,2017,10946494,8974475
330215585_2016,6178785,330215585,0,0,1251303,92103,0,1876303,ALPHA PROJECT FOR THE HOMELESS,0,06-30-2017,2016,7430088,6178785
330215585_2015,2417961,330215585,0,0,2827016,92103,0,1086372,ALPHA PROJECT FOR THE HOMELESS,0,06-30-2016,2015,5244977,2417961
330215585_2014,1847458,330215585,0,0,4037724,92103,0,676252,ALPHA PROJECT FOR THE HOMELESS,0,06-30-2015,2014,5885182,1847458
330215585_2013,4124494,330215585,0,0,2065058,0,0,469651,ALPHA PROJECT FOR THE HOMELESS,0,06-30-2014,2013,6189552,4124494
330902617_2021,2752293,330902617,0,344910,578971,92083,0,20111,SOLUTIONS FOR CHANGE INC,0,12-31-2021,2021,3676174,3097203
330902617_2020,2433828,330902617,0,10100,398625,92083,0,0,SOLUTIONS FOR CHANGE INC,0,12-31-2020,2020,2842553,2443928
330902617_2019,1513911,330902617,0,155775,75000,92083,0,95223,SOLUTIONS FOR CHANGE INC,0,12-31-2019,2019,1744686,1669686
330902617_2018,2319654,330902617,0,250677,200000,92083,0,144589,SOLUTIONS FOR CHANGE INC,0,12-31-2018,2018,2770331,2570331
330902617_2017,1503790,330902617,0,33059,300000,92083,0,0,SOLUTIONS FOR CHANGE INC,0,12-31-2017,2017,1836849,1536849
330902617_2016,1694851,330902617,0,163539,0,92083,0,14192,SOLUTIONS FOR CHANGE INC,0,12-31-2016,2016,1858390,1858390
330902617_2015,1231933,330902617,0,649293,0,92083,0,133368,SOLUTIONS FOR CHANGE INC,0,12-31-2015,2015,1881226,1881226
330902617_2014,1407551,330902617,0,737190,0,92083,0,116236,SOLUTIONS FOR CHANGE INC,0,12-31-2014,2014,2144741,2144741
953248148_2021,24498,953248148,0,0,74600506,92110,0,0,COMMUNITY RESEARCH FOUNDATION INC,0,06-30-2022,2021,74625004,24498
953248148_2020,74747,953248148,0,0,73708400,92110,0,0,COMMUNITY RESEARCH FOUNDATION INC,0,06-30-2021,2020,73783147,74747
953248148_2019,49776,953248148,0,0,75268724,92110,0,0,COMMUNITY RESEARCH FOUNDATION INC,0,06-30-2020,2019,75318500,49776
953248148_2018,40892,953248148,0,0,67698783,92110,0,0,COMMUNITY RESEARCH FOUNDATION INC,0,06-30-2019,2018,67739675,40892
953248148_2017,45233,953248148,0,0,60139803,92110,0,0,COMMUNITY RESEARCH FOUNDATION INC,0,06-30-2018,2017,60185036,45233
953248148_2016,36320,953248148,0,0,53517314,92110,0,0,COMMUNITY RESEARCH FOUNDATION INC,0,06-30-2017,2016,53553634,36320
953248148_2015,23961,953248148,0,0,47272420,92110,0,0,COMMUNITY RESEARCH FOUNDATION INC,0,06-30-2016,2015,47296381,23961
953248148_2014,25407,953248148,0,0,42669457,92110,0,0,COMMUNITY RESEARCH FOUNDATION INC,0,06-30-2015,2014,42694864,25407
953248148_2013,24777,953248148,0,0,0,0,0,0,COMMUNITY RESEARCH FOUNDATION INC,0,06-30-2014,2013,24777,24777
311750839_2020,258346,311750839,0,0,42794,38557,0,0,BREAD OF LIFE RESCUE MISSION,0,07-31-2021,2020,301140,258346
311750839_2019,285706,311750839,0,0,0,38557,0,0,BREAD OF LIFE RESCUE MISSION,0,07-31-2020,2019,285706,285706
311750839_2018,300810,311750839,0,0,0,38557,0,9720,BREAD OF LIFE RESCUE MISSION,0,07-31-2019,2018,300810,300810
311750839_2017,315897,311750839,0,0,0,38557,0,0,BREAD OF LIFE RESCUE MISSION,0,07-31-2018,2017,315897,315897
311750839_2016,487088,311750839,0,0,0,38557,0,0,BREAD OF LIFE RESCUE MISSION,0,07-31-2017,2016,487088,487088
311750839_2015,338629,311750839,0,0,0,38557,0,0,BREAD OF LIFE RESCUE MISSION,0,07-31-2016,2015,338629,338629
311750839_2014,429101,311750839,0,0,0,38557,0,20000,BREAD OF LIFE RESCUE MISSION,0,07-31-2015,2014,429101,429101
311750839_2013,356509,311750839,0,0,0,0,0,0,BREAD OF LIFE RESCUE MISSION,0,07-31-2014,2013,356509,356509
951729734_2020,32833,951729734,0,327489,0,92101,0,22000,DOWNTOWN SAN DIEGO PARTNERSHIP INC,0,06-30-2021,2020,360322,360322
951729734_2019,15000,951729734,0,581885,0,92101,0,0,DOWNTOWN SAN DIEGO PARTNERSHIP INC,0,06-30-2020,2019,596885,596885
951729734_2018,0,951729734,0,569952,0,92101,0,0,DOWNTOWN SAN DIEGO PARTNERSHIP INC,0,06-30-2019,2018,569952,569952
951729734_2017,0,951729734,0,548869,0,92101,0,0,DOWNTOWN SAN DIEGO PARTNERSHIP INC,0,06-30-2018,2017,548869,548869
951729734_2016,0,951729734,0,591403,0,92101,618896,0,DOWNTOWN SAN DIEGO PARTNERSHIP INC,0,06-30-2017,2016,1210299,1210299
951729734_2015,133760,951729734,0,0,0,92101,581296,0,DOWNTOWN SAN DIEGO PARTNERSHIP INC,0,06-30-2016,2015,715056,715056
951729734_2014,0,951729734,0,0,0,92101,596043,0,DOWNTOWN SAN DIEGO PARTNERSHIP INC,0,06-30-2015,2014,596043,596043
951729734_2013,0,951729734,0,0,0,0,530544,0,DOWNTOWN SAN DIEGO PARTNERSHIP INC,0,06-30-2014,2013,530544,530544
953837714_2021,7012518,953837714,0,0,1841932,92025,0,686697,INTERFAITH COMMUNITY SERVICES INC,0,06-30-2022,2021,8854450,7012518
953837714_2020,8230080,953837714,0,0,0,92025,0,609510,INTERFAITH COMMUNITY SERVICES INC,0,06-30-2021,2020,8230080,8230080
953837714_2019,7188385,953837714,371,0,0,92025,0,840491,INTERFAITH COMMUNITY SERVICES INC,0,06-30-2020,2019,7188756,7188756
953837714_2018,4659335,953837714,7874,0,0,92025,0,931132,INTERFAITH COMMUNITY SERVICES INC,0,06-30-2019,2018,4667209,4667209
953837714_2017,6715132,953837714,2794,0,0,92025,0,859409,INTERFAITH COMMUNITY SERVICES INC,0,06-30-2018,2017,6717926,6717926
953837714_2016,8376642,953837714,2721,0,0,92025,0,790662,INTERFAITH COMMUNITY SERVICES INC,0,06-30-2017,2016,8379363,8379363
953837714_2015,4366929,953837714,2401,0,0,92025,0,635553,INTERFAITH COMMUNITY SERVICES INC,0,06-30-2016,2015,4369330,4369330
953837714_2014,4472449,953837714,3029,0,0,92025,0,665579,INTERFAITH COMMUNITY SERVICES INC,0,06-30-2015,2014,4475478,4475478
953837714_2013,3613283,953837714,6806,0,0,0,0,887487,INTERFAITH COMMUNITY SERVICES INC,0,06-30-2014,2013,3620089,3620089
331146733_2017,255771,331146733,0,11158,106172,92104,4925,0,THINK DIGNITY,0,12-31-2017,2017,381968,275796
204374795_2021,87887254,204374795,0,349596,6327592,92121,0,58312927,JACOBS  CUSHMAN SAN DIEGO FOOD BANK,0,06-30-2022,2021,94564442,88236850
204374795_2020,113522301,204374795,0,251384,10838132,92121,0,80913471,JACOBS  CUSHMAN SAN DIEGO FOOD BANK,0,06-30-2021,2020,124611817,113773685
204374795_2019,75773240,204374795,0,103012,5257407,92121,0,58281891,JACOBS  CUSHMAN SAN DIEGO FOOD BANK,0,06-30-2020,2019,81133659,75876252
204374795_2018,48722765,204374795,0,316076,2593934,92121,0,41159936,JACOBS  CUSHMAN SAN DIEGO FOOD BANK,0,06-30-2019,2018,51632775,49038841
204374795_2017,41309129,204374795,0,191553,2106601,92121,0,35087496,JACOBS  CUSHMAN SAN DIEGO FOOD BANK,0,06-30-2018,2017,43607283,41500682
204374795_2016,38415684,204374795,0,154260,1623355,92121,0,31883433,JACOBS  CUSHMAN SAN DIEGO FOOD BANK,0,06-30-2017,2016,40193299,38569944
204374795_2015,31097166,204374795,0,117922,2175671,92121,0,25686164,JACOBS  CUSHMAN SAN DIEGO FOOD BANK,0,06-30-2016,2015,33390759,31215088
204374795_2014,24065867,204374795,0,143289,8567254,92121,0,25032864,JACOBS  CUSHMAN SAN DIEGO FOOD BANK,0,06-30-2015,2014,32776410,24209156
204374795_2013,30090121,204374795,0,131556,2230566,0,0,25346991,JACOBS  CUSHMAN SAN DIEGO FOOD BANK,0,06-30-2014,2013,32452243,30221677
