EIN_YEAR,Organization Name,EIN,Tax Year,Location (Zipcode),Federate Campaigns,Membership Dues,Fundraising Events,Related Organizations,Government Grants,All Other Contributions,Noncash Contributions,Total,Philanthropic_Total
204374795_2021.0,JACOBS  CUSHMAN SAN DIEGO FOOD BANK,204374795,2021.0,92121,0,0,349596,0,6327592,87887254,58312927,94564442,88236850
204374795_2020.0,JACOBS  CUSHMAN SAN DIEGO FOOD BANK,204374795,2020.0,92121,0,0,251384,0,10838132,113522301,80913471,124611817,113773685
204374795_2019.0,JACOBS  CUSHMAN SAN DIEGO FOOD BANK,204374795,2019.0,92121,0,0,103012,0,5257407,75773240,58281891,81133659,75876252
204374795_2018.0,JACOBS  CUSHMAN SAN DIEGO FOOD BANK,204374795,2018.0,92121,0,0,316076,0,2593934,48722765,41159936,51632775,49038841
204374795_2017.0,JACOBS  CUSHMAN SAN DIEGO FOOD BANK,204374795,2017.0,92121,0,0,191553,0,2106601,41309129,35087496,43607283,41500682
204374795_2016.0,JACOBS  CUSHMAN SAN DIEGO FOOD BANK,204374795,2016.0,92121,0,0,154260,0,1623355,38415684,31883433,40193299,38569944
204374795_2015.0,JACOBS  CUSHMAN SAN DIEGO FOOD BANK,204374795,2015.0,92121,0,0,117922,0,2175671,31097166,25686164,33390759,31215088
204374795_2014.0,JACOBS  CUSHMAN SAN DIEGO FOOD BANK,204374795,2014.0,92121,0,0,143289,0,8567254,24065867,25032864,32776410,24209156
204374795_2013.0,JACOBS  CUSHMAN SAN DIEGO FOOD BANK,204374795,2013.0,0,0,0,131556,0,2230566,30090121,25346991,32452243,30221677
330352148_2021.0,URBAN CORPS OF SAN DIEGO COUNTY,330352148,2021.0,92138,0,0,0,157000,1981922,2149303,0,4288225,2306303
330352148_2020.0,URBAN CORPS OF SAN DIEGO COUNTY,330352148,2020.0,92138,0,0,0,130000,1958200,59307,0,2147507,189307
330352148_2019.0,URBAN CORPS OF SAN DIEGO COUNTY,330352148,2019.0,92138,0,0,0,90000,1262411,926461,0,2278872,1016461
330352148_2018.0,URBAN CORPS OF SAN DIEGO COUNTY,330352148,2018.0,92138,0,0,0,126000,533845,222315,0,882160,348315
330352148_2017.0,URBAN CORPS OF SAN DIEGO COUNTY,330352148,2017.0,92138,0,0,0,129490,582820,139711,0,852021,269201
330352148_2016.0,URBAN CORPS OF SAN DIEGO COUNTY,330352148,2016.0,921380156,0,0,0,0,416078,76090,3900,492168,76090
330352148_2015.0,URBAN CORPS OF SAN DIEGO COUNTY,330352148,2015.0,921380156,0,0,0,0,597550,188256,0,785806,188256
330352148_2014.0,URBAN CORPS OF SAN DIEGO COUNTY,330352148,2014.0,921380156,0,0,60500,0,56744,226704,0,343948,287204
330352148_2013.0,URBAN CORPS OF SAN DIEGO COUNTY,330352148,2013.0,0,0,0,0,0,50000,207117,50000,257117,207117
951729734_2020.0,DOWNTOWN SAN DIEGO PARTNERSHIP INC,951729734,2020.0,92101,0,0,327489,0,0,32833,22000,360322,360322
951729734_2019.0,DOWNTOWN SAN DIEGO PARTNERSHIP INC,951729734,2019.0,92101,0,0,581885,0,0,15000,0,596885,596885
951729734_2018.0,DOWNTOWN SAN DIEGO PARTNERSHIP INC,951729734,2018.0,92101,0,0,569952,0,0,0,0,569952,569952
951729734_2017.0,DOWNTOWN SAN DIEGO PARTNERSHIP INC,951729734,2017.0,92101,0,0,548869,0,0,0,0,548869,548869
951729734_2016.0,DOWNTOWN SAN DIEGO PARTNERSHIP INC,951729734,2016.0,92101,0,618896,591403,0,0,0,0,1210299,1210299
951729734_2015.0,DOWNTOWN SAN DIEGO PARTNERSHIP INC,951729734,2015.0,92101,0,581296,0,0,0,133760,0,715056,715056
951729734_2014.0,DOWNTOWN SAN DIEGO PARTNERSHIP INC,951729734,2014.0,92101,0,596043,0,0,0,0,0,596043,596043
951729734_2013.0,DOWNTOWN SAN DIEGO PARTNERSHIP INC,951729734,2013.0,0,0,530544,0,0,0,0,0,530544,530544
953302967_2021.0,MENTAL HEALTH SYSTEMS INC,953302967,2021.0,92123,0,0,0,0,93554678,271291,0,93825969,271291
953302967_2020.0,MENTAL HEALTH SYSTEMS INC,953302967,2020.0,92123,0,0,0,0,98611907,25197,0,98637104,25197
953302967_2019.0,MENTAL HEALTH SYSTEMS INC,953302967,2019.0,92123,0,0,0,0,90049407,32870,0,90082277,32870
953302967_2018.0,MENTAL HEALTH SYSTEMS INC,953302967,2018.0,92123,0,0,0,0,71062143,77961,0,71140104,77961
953302967_2017.0,MENTAL HEALTH SYSTEMS INC,953302967,2017.0,92123,0,0,0,0,61935444,79120,0,62014564,79120
953302967_2016.0,MENTAL HEALTH SYSTEMS INC,953302967,2016.0,92123,0,0,0,0,62030562,78628,0,62109190,78628
953302967_2015.0,MENTAL HEALTH SYSTEMS INC,953302967,2015.0,92123,0,0,0,0,67248615,281825,0,67530440,281825
953302967_2014.0,MENTAL HEALTH SYSTEMS INC,953302967,2014.0,92123,0,0,0,0,72132439,267385,0,72399824,267385
953302967_2013.0,MENTAL HEALTH SYSTEMS INC,953302967,2013.0,0,0,0,30637,0,0,109691,0,140328,140328
953497926_2021.0,COMMUNITY RESOURCE CENTER,953497926,2021.0,92024,0,0,114007,0,3001809,1691815,1049099,4807631,1805822
953497926_2020.0,COMMUNITY RESOURCE CENTER,953497926,2020.0,92024,0,0,77637,0,3252755,4043651,1035391,7374043,4121288
953497926_2019.0,COMMUNITY RESOURCE CENTER,953497926,2019.0,92024,0,0,301149,0,2338255,2490058,627749,5129462,2791207
953497926_2018.0,COMMUNITY RESOURCE CENTER,953497926,2018.0,92024,347,0,68811,0,1526759,1422107,614244,3018024,1491265
953497926_2017.0,COMMUNITY RESOURCE CENTER,953497926,2017.0,92024,158,0,73475,0,1305024,1827504,548988,3206161,1901137
953497926_2016.0,COMMUNITY RESOURCE CENTER,953497926,2016.0,92024,1043,0,4960,0,1074638,1221054,43662,2301695,1227057
953497926_2015.0,COMMUNITY RESOURCE CENTER,953497926,2015.0,92024,2081,0,178433,0,877544,1118465,37633,2176523,1298979
953497926_2014.0,COMMUNITY RESOURCE CENTER,953497926,2014.0,92024,4086,0,151650,0,112385,1775827,2977,2043948,1931563
953497926_2013.0,COMMUNITY RESOURCE CENTER,953497926,2013.0,0,5786,0,58671,0,1215256,1231633,13786,2511346,1296090
263405689_2021.0,GENERATEHOPE INC,263405689,2021.0,92108,0,0,159532,0,321341,2444340,61751,2925213,2603872
263405689_2020.0,GENERATEHOPE INC,263405689,2020.0,92108,0,0,133830,0,60934,1162044,76861,1356808,1295874
263405689_2019.0,GENERATEHOPE INC,263405689,2019.0,92108,0,0,190000,0,61264,871044,53273,1122308,1061044
263405689_2018.0,GENERATEHOPE INC,263405689,2018.0,92108,0,0,204598,0,65995,1195492,317578,1466085,1400090
263405689_2017.0,GENERATEHOPE INC,263405689,2017.0,92108,0,0,139870,0,83947,705417,149318,929234,845287
263405689_2016.0,GENERATEHOPE INC,263405689,2016.0,92108,0,0,0,0,52000,971973,736500,1023973,971973
263405689_2015.0,GENERATEHOPE INC,263405689,2015.0,92108,0,0,12315,0,153154,559739,0,725208,572054
263405689_2014.0,GENERATEHOPE INC,263405689,2014.0,92108,0,0,0,0,100000,227478,0,327478,227478
263405689_2013.0,GENERATEHOPE INC,263405689,2013.0,0,0,0,0,0,100000,179228,0,279228,179228
953368020_2021.0,KIKU GARDENS INC,953368020,2021.0,91911,0,0,0,0,0,1600,0,1600,1600
953368020_2020.0,KIKU GARDENS INC,953368020,2020.0,91911,0,0,0,0,0,500,0,500,500
953368020_2019.0,KIKU GARDENS INC,953368020,2019.0,91911,0,0,0,0,0,1375,0,1375,1375
953368020_2018.0,KIKU GARDENS INC,953368020,2018.0,91911,0,0,0,0,0,4500,0,4500,4500
953368020_2017.0,KIKU GARDENS INC,953368020,2017.0,91911,0,0,0,0,0,1301200,0,1301200,1301200
953368020_2016.0,KIKU GARDENS INC,953368020,2016.0,91911,0,0,0,0,0,0,0,0,0
953368020_2015.0,KIKU GARDENS INC,953368020,2015.0,91911,0,0,1125,0,0,160,0,1285,1285
953368020_2014.0,KIKU GARDENS INC,953368020,2014.0,91911,0,0,0,0,0,0,0,0,0
272917644_2021.0,KAREN ORGANIZATION OF SAN DIEGO,272917644,2021.0,92105,0,0,0,0,298246,670453,0,968699,670453
272917644_2020.0,KAREN ORGANIZATION OF SAN DIEGO,272917644,2020.0,92105,0,0,0,0,123825,384902,0,508727,384902
272917644_2019.0,KAREN ORGANIZATION OF SAN DIEGO,272917644,2019.0,92105,0,0,0,0,0,169503,0,169503,169503
272917644_2018.0,KAREN ORGANIZATION OF SAN DIEGO,272917644,2018.0,92105,0,0,0,0,0,188071,0,188071,188071
272917644_2017.0,KAREN ORGANIZATION OF SAN DIEGO,272917644,2017.0,92105,0,0,2888,0,0,132638,0,135526,135526
272917644_2016.0,KAREN ORGANIZATION OF SAN DIEGO,272917644,2016.0,92105,0,0,0,0,0,139470,0,139470,139470
272917644_2015.0,KAREN ORGANIZATION OF SAN DIEGO,272917644,2015.0,92105,0,0,0,0,0,103388,0,103388,103388
550806460_2022.0,BILATERAL SAFETY CORRIDOR COALITION,550806460,2022.0,91950,0,0,8407,0,291440,270209,0,570056,278616
550806460_2021.0,BILATERAL SAFETY CORRIDOR COALITION,550806460,2021.0,91950,0,0,0,0,239763,227448,0,467211,227448
550806460_2020.0,BILATERAL SAFETY CORRIDOR COALITION,550806460,2020.0,91950,0,0,0,0,161068,218547,6000,379615,218547
550806460_2019.0,BILATERAL SAFETY CORRIDOR COALITION,550806460,2019.0,91950,0,0,0,0,0,269047,0,269047,269047
550806460_2018.0,BILATERAL SAFETY CORRIDOR COALITION,550806460,2018.0,91950,0,0,0,0,0,297479,0,297479,297479
550806460_2017.0,BILATERAL SAFETY CORRIDOR COALITION,550806460,2017.0,91950,0,0,0,0,171066,159109,0,330175,159109
550806460_2016.0,BILATERAL SAFETY CORRIDOR COALITION,550806460,2016.0,91950,0,0,0,0,188786,236171,0,424957,236171
550806460_2015.0,BILATERAL SAFETY CORRIDOR COALITION,550806460,2015.0,91950,0,0,0,0,159442,117018,0,276460,117018
571214920_2021.0,OPERATION HOPE NORTH COUNTY INCORPORATED,571214920,2021.0,92084,0,0,0,0,391086,481445,0,872531,481445
571214920_2020.0,OPERATION HOPE NORTH COUNTY INCORPORATED,571214920,2020.0,92084,0,0,0,0,422615,692114,0,1114729,692114
571214920_2019.0,OPERATION HOPE NORTH COUNTY INCORPORATED,571214920,2019.0,92084,0,0,0,0,124333,1028389,0,1152722,1028389
571214920_2017.0,OPERATION HOPE  VISTA INCORPORATED,571214920,2017.0,92084,0,0,0,0,75417,539143,100296,614560,539143
571214920_2016.0,OPERATION HOPE  VISTA INCORPORATED,571214920,2016.0,92084,0,0,20689,0,54430,267403,0,342522,288092
331029843_2018.0,INFO LINE OF SAN DIEGO COUNTY,331029843,2018.0,92142,5422,0,0,0,0,1437951,0,1443373,1443373
331029843_2017.0,INFO LINE OF SAN DIEGO COUNTY,331029843,2017.0,92123,68432,0,0,0,0,1291416,0,1359848,1359848
331029843_2016.0,INFO LINE OF SAN DIEGO COUNTY,331029843,2016.0,92123,61836,0,0,0,0,797617,0,859453,859453
331029843_2015.0,INFO LINE OF SAN DIEGO COUNTY,331029843,2015.0,92123,0,0,148000,0,0,1442396,20500,1590396,1590396
331029843_2014.0,INFO LINE OF SAN DIEGO COUNTY,331029843,2014.0,92123,0,0,147250,0,0,565250,2675,712500,712500
331029843_2013.0,INFO LINE OF SAN DIEGO COUNTY,331029843,2013.0,0,0,0,285459,0,0,1426616,14603,1712075,1712075
465055513_2021.0,URBAN STREET ANGELS INC,465055513,2021.0,92101,0,0,0,0,3099056,482512,0,3581568,482512
465055513_2020.0,URBAN STREET ANGELS INC,465055513,2020.0,92101,0,0,0,0,2397198,225223,0,2622421,225223
465055513_2019.0,URBAN STREET ANGELS INC,465055513,2019.0,92101,0,0,0,0,1597401,414072,0,2011473,414072
465055513_2018.0,URBAN STREET ANGELS INC,465055513,2018.0,92101,0,0,24381,0,713895,112174,0,850450,136555
942358632_2021.0,WALDEN ENVIRONMENT DBA WALDEN FAMILY SERVICES,942358632,2021.0,92123,0,0,366680,0,16561736,1186451,10000,18114867,1553131
942358632_2020.0,WALDEN ENVIRONMENT DBA WALDEN FAMILY SERVICES,942358632,2020.0,92123,0,0,0,0,17100546,833046,3100,17933592,833046
942358632_2019.0,WALDEN ENVIRONMENT INC DBA WALDEN FAMILY SERVICES,942358632,2019.0,92123,0,0,1071693,0,16055428,658669,35545,17785790,1730362
942358632_2018.0,WALDEN ENVIRONMENT INC DBA WALDEN FAMILY SERVICES,942358632,2018.0,92123,0,0,1007674,0,13353015,441793,681176,14802482,1449467
942358632_2017.0,WALDEN ENVIRONMENT INC DBA WALDEN FAMILY SERVICES,942358632,2017.0,92123,0,0,0,0,0,252500,0,252500,252500
942358632_2016.0,WALDEN ENVIRONMENT INC DBA WALDEN FAMILY SERVICES,942358632,2016.0,92123,0,0,0,0,0,433600,1200,433600,433600
942358632_2015.0,WALDEN ENVIRONMENT INC DBA WALDEN FAMILY SERVICES,942358632,2015.0,92123,0,0,0,0,0,203057,4040,203057,203057
942358632_2014.0,WALDEN ENVIRONMENT INC DBA WALDEN FAMILY SERVICES,942358632,2014.0,92120,0,0,0,0,0,216481,811,216481,216481
942358632_2013.0,WALDEN ENVIRONMENT INC DBA WALDEN FAMILY SERVICES,942358632,2013.0,0,0,0,0,0,0,101535,0,101535,101535
951644024_2020.0,JEWISH FAMILY SERVICE OF SAN DIEGO,951644024,2020.0,92123,0,0,72703,7303371,21236898,13159624,247272,41772596,20535698
951644024_2019.0,JEWISH FAMILY SERVICE OF SAN DIEGO,951644024,2019.0,92123,0,0,8530,2200000,16665713,12516117,122210,31390360,14724647
951644024_2018.0,JEWISH FAMILY SERVICE OF SAN DIEGO,951644024,2018.0,92123,0,0,382685,2042808,11727667,15812839,126480,29965999,18238332
951644024_2017.0,JEWISH FAMILY SERVICE OF SAN DIEGO,951644024,2017.0,92123,0,0,291286,1531126,7074276,7917964,286966,16814652,9740376
951644024_2016.0,JEWISH FAMILY SERVICE OF SAN DIEGO,951644024,2016.0,92123,158030,0,223371,100000,8064950,7980152,118276,16526503,8461553
951644024_2015.0,JEWISH FAMILY SERVICE OF SAN DIEGO,951644024,2015.0,92123,0,0,88548,70000,7628861,6851622,149927,14639031,7010170
951644024_2014.0,JEWISH FAMILY SERVICE OF SAN DIEGO,951644024,2014.0,92123,0,0,249428,50000,7072121,6723581,175948,14095130,7023009
951644024_2013.0,JEWISH FAMILY SERVICE OF SAN DIEGO,951644024,2013.0,0,0,0,131648,1159200,6741356,7313739,140200,15345943,8604587
951869806_2021.0,LEGAL AID SOCIETY OF SAN DIEGO,951869806,2021.0,92114,1540,0,0,0,20005029,372324,6675,20378893,373864
951869806_2020.0,LEGAL AID SOCIETY OF SAN DIEGO,951869806,2020.0,92114,2330,0,0,0,16520044,2875583,0,19397957,2877913
951869806_2019.0,LEGAL AID SOCIETY OF SAN DIEGO,951869806,2019.0,92114,1859,0,0,0,14166199,2669644,0,16837702,2671503
951869806_2018.0,LEGAL AID SOCIETY OF SAN DIEGO,951869806,2018.0,92114,3151,0,0,0,13243289,3568421,0,16814861,3571572
951869806_2017.0,LEGAL AID SOCIETY OF SAN DIEGO,951869806,2017.0,92114,3609,0,15000,0,12367467,3883995,0,16270071,3902604
951869806_2016.0,LEGAL AID SOCIETY OF SAN DIEGO,951869806,2016.0,92114,1677,0,10000,0,12558042,4108352,19250,16678071,4120029
951869806_2015.0,LEGAL AID SOCIETY OF SAN DIEGO,951869806,2015.0,92114,2336,0,0,0,13495410,5125303,9234,18623049,5127639
951869806_2014.0,LEGAL AID SOCIETY OF SAN DIEGO,951869806,2014.0,92114,3514,0,0,0,12988512,3613017,0,16605043,3616531
951869806_2013.0,LEGAL AID SOCIETY OF SAN DIEGO,951869806,2013.0,0,4012,0,0,0,10148597,3759271,0,13911880,3763283
951944230_2020.0,VISTA HILL FOUNDATION,951944230,2020.0,92123,0,0,0,421222,0,0,0,421222,421222
951944230_2019.0,VISTA HILL FOUNDATION,951944230,2019.0,92123,0,0,0,829467,0,0,0,829467,829467
951944230_2018.0,VISTA HILL FOUNDATION,951944230,2018.0,92123,0,0,0,519227,0,50000,0,569227,569227
951944230_2017.0,VISTA HILL FOUNDATION,951944230,2017.0,92123,0,0,0,1143385,0,0,0,1143385,1143385
951944230_2016.0,VISTA HILL FOUNDATION,951944230,2016.0,92123,0,0,0,1144538,0,25000,0,1169538,1169538
951944230_2015.0,VISTA HILL FOUNDATION,951944230,2015.0,92123,0,0,0,1081289,0,0,0,1081289,1081289
951944230_2014.0,VISTA HILL FOUNDATION,951944230,2014.0,92123,0,0,0,1164736,0,0,0,1164736,1164736
951944230_2013.0,VISTA HILL FOUNDATION,951944230,2013.0,0,0,0,0,833367,0,0,0,833367,833367
952157559_2021.0,PATHFINDERS OF SAN DIEGO,952157559,2021.0,92104,0,0,0,0,1752444,86334,0,1838778,86334
952157559_2020.0,PATHFINDERS OF SAN DIEGO,952157559,2020.0,92104,0,0,0,0,1582762,49186,0,1631948,49186
952157559_2019.0,PATHFINDERS OF SAN DIEGO,952157559,2019.0,92104,0,0,0,0,1191318,5658,0,1196976,5658
952157559_2018.0,PATHFINDERS OF SAN DIEGO,952157559,2018.0,92104,0,0,0,0,1174540,88694,0,1263234,88694
952157559_2017.0,PATHFINDERS OF SAN DIEGO,952157559,2017.0,92104,0,0,0,0,544103,44220,0,588323,44220
952157559_2016.0,PATHFINDERS OF SAN DIEGO,952157559,2016.0,92104,0,0,0,0,460914,165917,0,626831,165917
952157559_2015.0,PATHFINDERS OF SAN DIEGO,952157559,2015.0,92104,0,0,0,0,484499,37895,0,522394,37895
952157559_2014.0,PATHFINDERS OF SAN DIEGO,952157559,2014.0,92104,0,0,0,0,482738,52975,0,535713,52975
952648050_2020.0,SAN DIEGO YOUTH SERVICES,952648050,2020.0,92110,0,0,0,0,19387646,322601,0,19710247,322601
952648050_2019.0,SAN DIEGO YOUTH SERVICES,952648050,2019.0,92110,0,0,0,0,19632420,203870,0,19836290,203870
952648050_2018.0,SAN DIEGO YOUTH SERVICES,952648050,2018.0,92110,0,0,0,0,19070850,144882,0,19215732,144882
952648050_2017.0,SAN DIEGO YOUTH SERVICES,952648050,2017.0,92110,0,0,0,0,17914417,225235,0,18139652,225235
952648050_2016.0,SAN DIEGO YOUTH SERVICES,952648050,2016.0,92110,0,0,0,0,0,339948,0,339948,339948
952648050_2015.0,SAN DIEGO YOUTH SERVICES,952648050,2015.0,92110,0,0,0,0,0,573337,0,573337,573337
952648050_2014.0,SAN DIEGO YOUTH SERVICES,952648050,2014.0,92110,0,0,0,0,0,428399,0,428399,428399
952648050_2013.0,SAN DIEGO YOUTH SERVICES,952648050,2013.0,0,0,0,0,0,0,423479,0,423479,423479
952653869_2021.0,CRASH INC,952653869,2021.0,92108,0,0,0,0,4752251,13877,0,4766128,13877
952653869_2020.0,CRASH INC,952653869,2020.0,92108,0,0,0,0,0,12102,0,12102,12102
952653869_2019.0,CRASH INC,952653869,2019.0,92108,0,0,0,0,0,10140,0,10140,10140
952653869_2018.0,CRASH INC,952653869,2018.0,92108,0,0,0,0,0,19567,0,19567,19567
952653869_2017.0,CRASH INC,952653869,2017.0,92108,0,0,0,0,0,5869,0,5869,5869
952653869_2016.0,CRASH INC,952653869,2016.0,92108,0,0,0,0,0,10393,0,10393,10393
952653869_2015.0,CRASH INC,952653869,2015.0,92108,0,0,0,0,0,12407,0,12407,12407
952653869_2014.0,CRASH INC,952653869,2014.0,92108,0,0,0,0,0,2979,0,2979,2979
952653869_2013.0,CRASH INC,952653869,2013.0,0,0,0,0,0,0,12130,0,12130,12130
952833205_2021.0,FAMILY HEALTH CENTERS OF SAN DIEGO INC,952833205,2021.0,92102,0,0,0,0,59753670,14436348,4374735,74190018,14436348
952833205_2020.0,FAMILY HEALTH CENTERS OF SAN DIEGO INC,952833205,2020.0,92102,0,0,0,0,49070786,7643862,766795,56714648,7643862
952833205_2019.0,FAMILY HEALTH CENTERS OF SAN DIEGO INC,952833205,2019.0,92102,0,0,127428,0,42826769,7746205,0,50700402,7873633
952833205_2018.0,FAMILY HEALTH CENTERS OF SAN DIEGO INC,952833205,2018.0,92102,0,0,112377,0,35981688,4781811,0,40875876,4894188
952833205_2017.0,FAMILY HEALTH CENTERS OF SAN DIEGO INC,952833205,2017.0,92102,0,0,122474,0,35785124,4490939,0,40398537,4613413
952833205_2016.0,FAMILY HEALTH CENTERS OF SAN DIEGO INC,952833205,2016.0,92102,0,0,117163,0,37189601,1889004,0,39195768,2006167
952833205_2015.0,FAMILY HEALTH CENTERS OF SAN DIEGO INC,952833205,2015.0,92102,0,0,109028,0,31709294,2030508,206,33848830,2139536
952833205_2014.0,FAMILY HEALTH CENTERS OF SAN DIEGO INC,952833205,2014.0,92102,0,0,62739,0,30863316,1834695,0,32760750,1897434
952833205_2013.0,FAMILY HEALTH CENTERS OF SAN DIEGO INC,952833205,2013.0,0,0,0,180418,0,33396379,2425663,2425663,36002460,2606081
952850121_2021.0,SERVING SENIORS,952850121,2021.0,92101,0,0,129000,0,8663919,3595528,0,12388447,3724528
952850121_2020.0,SERVING SENIORS,952850121,2020.0,92101,0,0,250845,0,10529880,2712201,0,13492926,2963046
952850121_2019.0,SERVING SENIORS,952850121,2019.0,92101,0,0,53970,0,5623675,3947673,0,9625318,4001643
952850121_2018.0,SERVING SENIORS,952850121,2018.0,92101,0,0,161620,0,4078668,2248135,124834,6488423,2409755
952850121_2017.0,SERVING SENIORS,952850121,2017.0,92101,0,0,101071,0,3298204,1739118,236047,5138393,1840189
952850121_2014.0,SERVING SENIORS,952850121,2014.0,92101,0,0,0,0,3260642,1926705,565000,5187347,1926705
952880426_2021.0,ELDERHELP OF SAN DIEGO,952880426,2021.0,92123,0,0,105366,0,451724,791373,10245,1348463,896739
952880426_2020.0,ELDERHELP OF SAN DIEGO,952880426,2020.0,92123,0,0,109324,0,574130,1219917,37648,1903371,1329241
952880426_2019.0,ELDERHELP OF SAN DIEGO,952880426,2019.0,92123,0,0,51009,0,318368,1075276,34594,1444653,1126285
952880426_2018.0,ELDERHELP OF SAN DIEGO,952880426,2018.0,92123,0,0,53375,0,313363,762231,37263,1128969,815606
952880426_2016.0,ELDERHELP OF SAN DIEGO,952880426,2016.0,92123,0,0,42430,0,357117,1052228,0,1451775,1094658
952880426_2015.0,ELDERHELP OF SAN DIEGO,952880426,2015.0,92123,0,0,40155,0,345108,916212,0,1301475,956367
952880426_2014.0,ELDERHELP OF SAN DIEGO INC,952880426,2014.0,92120,0,0,26324,0,262646,721974,0,1010944,748298
952880426_2013.0,ELDERHELP OF SAN DIEGO INC,952880426,2013.0,0,0,0,41574,0,260872,591028,1890,893474,632602
953244085_2021.0,NEW ALTERNATIVES INC,953244085,2021.0,92163,0,0,0,0,0,205330,0,205330,205330
953244085_2020.0,NEW ALTERNATIVES INC,953244085,2020.0,92163,0,0,0,0,0,138850,0,138850,138850
953244085_2019.0,NEW ALTERNATIVESINC,953244085,2019.0,92163,0,0,0,0,0,291658,0,291658,291658
953244085_2018.0,NEW ALTERNATIVESINC,953244085,2018.0,92163,0,0,0,0,0,390047,0,390047,390047
953244085_2017.0,NEW ALTERNATIVESINC,953244085,2017.0,92163,0,0,0,0,29308,741356,0,770664,741356
953244085_2016.0,NEW ALTERNATIVESINC,953244085,2016.0,92163,0,0,0,0,0,274792,0,274792,274792
953244085_2015.0,NEW ALTERNATIVESINC,953244085,2015.0,92163,0,0,0,0,0,467092,0,467092,467092
953244085_2014.0,NEW ALTERNATIVESINC,953244085,2014.0,92163,0,0,0,0,0,347574,22000,347574,347574
953244085_2013.0,NEW ALTERNATIVESINC,953244085,2013.0,0,0,0,0,0,0,414625,0,414625,414625
953248148_2021.0,COMMUNITY RESEARCH FOUNDATION INC,953248148,2021.0,92110,0,0,0,0,74600506,24498,0,74625004,24498
953248148_2020.0,COMMUNITY RESEARCH FOUNDATION INC,953248148,2020.0,92110,0,0,0,0,73708400,74747,0,73783147,74747
953248148_2019.0,COMMUNITY RESEARCH FOUNDATION INC,953248148,2019.0,92110,0,0,0,0,75268724,49776,0,75318500,49776
953248148_2018.0,COMMUNITY RESEARCH FOUNDATION INC,953248148,2018.0,92110,0,0,0,0,67698783,40892,0,67739675,40892
953248148_2017.0,COMMUNITY RESEARCH FOUNDATION INC,953248148,2017.0,92110,0,0,0,0,60139803,45233,0,60185036,45233
953248148_2016.0,COMMUNITY RESEARCH FOUNDATION INC,953248148,2016.0,92110,0,0,0,0,53517314,36320,0,53553634,36320
953248148_2015.0,COMMUNITY RESEARCH FOUNDATION INC,953248148,2015.0,92110,0,0,0,0,47272420,23961,0,47296381,23961
953248148_2014.0,COMMUNITY RESEARCH FOUNDATION INC,953248148,2014.0,92110,0,0,0,0,42669457,25407,0,42694864,25407
953248148_2013.0,COMMUNITY RESEARCH FOUNDATION INC,953248148,2013.0,0,0,0,0,0,0,24777,0,24777,24777
953315571_2021.0,CASA DE AMPARO,953315571,2021.0,92069,0,0,583861,0,7481645,2820702,242271,10886208,3404563
953315571_2020.0,CASA DE AMPARO,953315571,2020.0,92069,0,0,330639,0,8632004,4259264,541051,13221907,4589903
953315571_2019.0,CASA DE AMPARO,953315571,2019.0,92069,0,0,128260,0,8253706,1511144,229425,9893110,1639404
953315571_2018.0,CASA DE AMPARO,953315571,2018.0,92069,0,0,119380,0,402566,1441065,319577,1963011,1560445
953315571_2017.0,CASA DE AMPARO,953315571,2017.0,92069,1924,0,14888,0,5669765,1737039,408738,7423616,1753851
953315571_2016.0,CASA DE AMPARO,953315571,2016.0,92069,11487,0,225830,0,222038,3348922,486662,3808277,3586239
953315571_2015.0,CASA DE AMPARO,953315571,2015.0,92069,14662,0,337599,0,191203,2208953,424543,2752417,2561214
953315571_2014.0,CASA DE AMPARO,953315571,2014.0,92069,21271,0,406648,0,0,1819359,526420,2247278,2247278
953315571_2013.0,CASA DE AMPARO,953315571,2013.0,0,19803,0,352886,0,0,1568835,376849,1941524,1941524
953649525_2020.0,VIETNAM VETERANS OF SAN DIEGO DBA VETERANS VILLAGE OF SAN DIEGO,953649525,2020.0,92110,0,0,0,0,17344646,919709,140090,18264355,919709
953649525_2019.0,VIETNAM VETERANS OF SAN DIEGO DBA VETERANS VILLAGE OF SAN DIEGO,953649525,2019.0,92110,0,0,108285,0,14550486,2660409,90700,17319180,2768694
953649525_2018.0,VIETNAM VETERANS OF SAN DIEGO DBA VETERANS VILLAGE OF SAN DIEGO,953649525,2018.0,92110,0,0,0,0,12226507,1663160,68633,13889667,1663160
953649525_2017.0,VIETNAM VETERANS OF SAN DIEGO DBA VETERANS VILLAGE OF SAN DIEGO,953649525,2017.0,92110,0,0,0,0,10390777,2934365,37484,13325142,2934365
953649525_2016.0,VIETNAM VETERANS OF SAN DIEGO DBA VETERANS VILLAGE OF SAN DIEGO,953649525,2016.0,921102030,0,0,0,0,8454663,1317986,466769,9772649,1317986
953649525_2015.0,VIETNAM VETERANS OF SAN DIEGO DBA VETERANS VILLAGE OF SAN DIEGO,953649525,2015.0,921102030,0,0,0,0,8368757,1746395,1086348,10115152,1746395
953649525_2014.0,VIETNAM VETERANS OF SAN DIEGO DBA VETERANS VILLAGE OF SAN DIEGO,953649525,2014.0,921102030,0,0,0,0,8258604,1206648,145562,9465252,1206648
953649525_2013.0,VIETNAM VETERANS OF SAN DIEGO DBA VETERANS VILLAGE OF SAN DIEGO,953649525,2013.0,0,0,0,0,0,8169126,1974080,124165,10143206,1974080
956379598_2021.0,CENTER FOR COMMUNITY SOLUTIONS,956379598,2021.0,92109,0,0,463831,0,5516946,850877,16256,6831654,1314708
956379598_2020.0,CENTER FOR COMMUNITY SOLUTIONS,956379598,2020.0,92109,0,0,493759,0,4983768,1295828,21422,6773355,1789587
956379598_2019.0,CENTER FOR COMMUNITY SOLUTIONS,956379598,2019.0,92109,0,0,169778,0,4963840,943753,50456,6077371,1113531
956379598_2018.0,CENTER FOR COMMUNITY SOLUTIONS,956379598,2018.0,92109,0,0,431150,0,4702859,731655,33999,5865664,1162805
956379598_2017.0,CENTER FOR COMMUNITY SOLUTIONS,956379598,2017.0,92109,0,0,286098,0,4101800,719296,35080,5107194,1005394
956379598_2016.0,CENTER FOR COMMUNITY SOLUTIONS,956379598,2016.0,92109,0,0,180995,0,3654739,747187,91441,4582921,928182
956379598_2015.0,CENTER FOR COMMUNITY SOLUTIONS,956379598,2015.0,92109,0,0,238746,0,3215028,596261,29180,4050035,835007
956379598_2014.0,CENTER FOR COMMUNITY SOLUTIONS,956379598,2014.0,92109,0,0,222496,0,3027355,693548,18123,3943399,916044
956379598_2013.0,CENTER FOR COMMUNITY SOLUTIONS,956379598,2013.0,0,0,0,314055,0,2686916,1234390,172083,4235361,1548445
953837714_2021.0,INTERFAITH COMMUNITY SERVICES INC,953837714,2021.0,92025,0,0,0,0,1841932,7012518,686697,8854450,7012518
953837714_2020.0,INTERFAITH COMMUNITY SERVICES INC,953837714,2020.0,92025,0,0,0,0,0,8230080,609510,8230080,8230080
953837714_2019.0,INTERFAITH COMMUNITY SERVICES INC,953837714,2019.0,92025,371,0,0,0,0,7188385,840491,7188756,7188756
953837714_2018.0,INTERFAITH COMMUNITY SERVICES INC,953837714,2018.0,92025,7874,0,0,0,0,4659335,931132,4667209,4667209
953837714_2017.0,INTERFAITH COMMUNITY SERVICES INC,953837714,2017.0,92025,2794,0,0,0,0,6715132,859409,6717926,6717926
953837714_2016.0,INTERFAITH COMMUNITY SERVICES INC,953837714,2016.0,92025,2721,0,0,0,0,8376642,790662,8379363,8379363
953837714_2015.0,INTERFAITH COMMUNITY SERVICES INC,953837714,2015.0,92025,2401,0,0,0,0,4366929,635553,4369330,4369330
953837714_2014.0,INTERFAITH COMMUNITY SERVICES INC,953837714,2014.0,92025,3029,0,0,0,0,4472449,665579,4475478,4475478
953837714_2013.0,INTERFAITH COMMUNITY SERVICES INC,953837714,2013.0,0,6806,0,0,0,0,3613283,887487,3620089,3620089
953140767_2021.0,MCALISTER INSTITUTE FOR TREATMENT  EDUCATION INC,953140767,2021.0,920201651,0,0,0,0,32228251,0,0,32228251,0
953140767_2020.0,MCALISTER INSTITUTE FOR TREATMENT  EDUCATION INC,953140767,2020.0,920201651,0,0,0,0,33156996,0,0,33156996,0
953140767_2019.0,MCALISTER INSTITUTE FOR TREATMENT  EDUCATION INC,953140767,2019.0,920201651,0,0,0,0,26829832,0,0,26829832,0
953140767_2018.0,MCALISTER INSTITUTE FOR TREATMENT  EDUCATION INC,953140767,2018.0,920201651,0,0,0,0,20728534,0,0,20728534,0
953140767_2017.0,MCALISTER INSTITUTE FOR TREATMENT  EDUCATION INC,953140767,2017.0,920201651,0,0,0,0,15375695,0,0,15375695,0
953140767_2016.0,MCALISTER INSTITUTE FOR TREATMENT  EDUCATION INC,953140767,2016.0,920201651,0,0,0,0,11827666,0,0,11827666,0
953140767_2015.0,MCALISTER INSTITUTE FOR TREATMENT  EDUCATION INC,953140767,2015.0,920201651,0,0,0,0,9361362,0,0,9361362,0
953140767_2014.0,MCALISTER INSTITUTE FOR TREATMENT  EDUCATION INC,953140767,2014.0,920201651,0,0,0,0,8713650,0,0,8713650,0
953140767_2013.0,MCALISTER INSTITUTE FOR TREATMENT  EDUCATION INC,953140767,2013.0,0,0,0,0,0,0,8109852,0,8109852,8109852
951648184_2021.0,NEIGHBORHOOD HOUSE ASSN,951648184,2021.0,92111,322,0,248049,0,103160048,624484,0,104032903,872855
951648184_2020.0,NEIGHBORHOOD HOUSE ASSN,951648184,2020.0,92111,753,0,210773,0,94379296,718898,0,95309720,930424
951648184_2019.0,NEIGHBORHOOD HOUSE ASSN,951648184,2019.0,92111,819,0,88990,0,97559202,598531,0,98247542,688340
951648184_2018.0,NEIGHBORHOOD HOUSE ASSN,951648184,2018.0,92111,882,0,197990,0,95320956,638996,74436,96158824,837868
951648184_2017.0,NEIGHBORHOOD HOUSE ASSN,951648184,2017.0,92111,2433,0,90000,0,92792453,640431,65505,93525317,732864
951648184_2016.0,NEIGHBORHOOD HOUSE ASSN,951648184,2016.0,92111,4241,0,208120,0,85482020,539917,0,86234298,752278
951648184_2015.0,NEIGHBORHOOD HOUSE ASSN,951648184,2015.0,92111,6215,0,193732,0,83944092,573315,0,84717354,773262
951648184_2014.0,NEIGHBORHOOD HOUSE ASSN,951648184,2014.0,92111,7121,0,163374,0,81106064,333272,0,81609831,503767
951648184_2013.0,NEIGHBORHOOD HOUSE ASSN,951648184,2013.0,0,3876,0,89183,0,76395637,466969,287665,76955665,560028
952693142_2021.0,SBCS CORPORATION,952693142,2021.0,91910,0,0,726095,0,82876281,3187139,144304,86789515,3913234
952693142_2020.0,SBCS CORPORATION,952693142,2020.0,91910,0,0,0,0,93767513,4511207,411334,98278720,4511207
952693142_2019.0,SOUTH BAY COMMUNITY SERVICES,952693142,2019.0,91910,0,0,165510,0,30495738,2038952,78823,32700200,2204462
952693142_2018.0,SOUTH BAY COMMUNITY SERVICES,952693142,2018.0,91910,0,0,230647,0,24769279,603727,148832,25603653,834374
952693142_2017.0,SOUTH BAY COMMUNITY SERVICES,952693142,2017.0,91910,0,0,187711,0,23679156,505996,75340,24372863,693707
952693142_2016.0,SOUTH BAY COMMUNITY SERVICES,952693142,2016.0,91910,0,0,158754,0,24108727,511375,194845,24778856,670129
952693142_2015.0,SOUTH BAY COMMUNITY SERVICES,952693142,2015.0,91910,0,0,0,0,23412360,546969,278454,23959329,546969
952693142_2014.0,SOUTH BAY COMMUNITY SERVICES,952693142,2014.0,91910,0,0,0,0,23927898,491641,189443,24419539,491641
952693142_2013.0,SOUTH BAY COMMUNITY SERVICES,952693142,2013.0,0,0,0,149889,0,21811905,1018122,169822,22979916,1168011
330217339_2021.0,CRISIS HOUSE,330217339,2021.0,92071,0,0,0,0,2812646,0,74537,2812646,0
330217339_2020.0,CRISIS HOUSE,330217339,2020.0,92071,0,0,0,0,1923024,491981,49511,2415005,491981
330217339_2019.0,CRISIS HOUSE,330217339,2019.0,92020,0,0,0,0,1933389,437262,74525,2370651,437262
330217339_2018.0,CRISIS HOUSE,330217339,2018.0,92020,0,0,10770,0,1424698,512193,118107,1947661,522963
330217339_2017.0,CRISIS HOUSE,330217339,2017.0,92020,0,0,0,0,1433825,346726,183702,1780551,346726
330217339_2016.0,CRISIS HOUSE,330217339,2016.0,92020,0,0,0,0,802795,342525,189186,1145320,342525
330217339_2015.0,CRISIS HOUSE,330217339,2015.0,92020,0,0,0,0,756702,273265,169610,1029967,273265
330217339_2014.0,CRISIS HOUSE,330217339,2014.0,92020,0,0,0,0,761869,273527,164026,1035396,273527
330217339_2013.0,CRISIS HOUSE,330217339,2013.0,0,0,0,0,0,789054,207241,151705,996295,207241
952794253_2021.0,NORTH COUNTY LIFELINE INC DBA LIFELINE COMMUNITY SERVICES,952794253,2021.0,92084,0,0,0,0,13405575,451714,223226,13857289,451714
952794253_2020.0,NORTH COUNTY LIFELINE INC DBA LIFELINE COMMUNITY SERVICES,952794253,2020.0,92056,0,0,0,0,13098737,679469,189639,13778206,679469
952794253_2019.0,NORTH COUNTY LIFELINE INC,952794253,2019.0,92056,0,0,0,0,12446965,392396,251569,12839361,392396
952794253_2018.0,NORTH COUNTY LIFELINE INC,952794253,2018.0,92056,0,0,0,0,10496439,353245,235480,10849684,353245
952794253_2017.0,NORTH COUNTY LIFELINE INC,952794253,2017.0,92056,0,0,0,0,9738384,287018,207107,10025402,287018
952794253_2016.0,NORTH COUNTY LIFELINE INC,952794253,2016.0,92056,0,0,0,0,7910489,269310,107107,8179799,269310
952794253_2015.0,NORTH COUNTY LIFELINE INC,952794253,2015.0,92056,0,0,0,0,7008292,156226,71467,7164518,156226
952794253_2014.0,NORTH COUNTY LIFELINE INC,952794253,2014.0,92056,0,0,0,0,6666125,112730,70794,6778855,112730
951945256_2021.0,EPISCOPAL COMMUNITY SERVICES,951945256,2021.0,91950,0,0,194185,0,29144007,718360,0,30056552,912545
951945256_2020.0,EPISCOPAL COMMUNITY SERVICES,951945256,2020.0,91950,0,0,151115,0,26417739,606991,0,27175845,758106
951945256_2019.0,EPISCOPAL COMMUNITY SERVICES,951945256,2019.0,91950,0,0,168750,0,26628948,568432,76845,27366130,737182
951945256_2018.0,EPISCOPAL COMMUNITY SERVICES,951945256,2018.0,91950,0,0,137949,0,25902728,527617,129159,26568294,665566
951945256_2017.0,EPISCOPAL COMMUNITY SERVICES,951945256,2017.0,91950,0,0,124077,0,23934591,719216,0,24777884,843293
951945256_2016.0,EPISCOPAL COMMUNITY SERVICES,951945256,2016.0,91950,0,0,101625,0,22673613,301556,0,23076794,403181
951945256_2015.0,EPISCOPAL COMMUNITY SERVICES,951945256,2015.0,91950,0,0,51225,0,22100447,340084,0,22491756,391309
951945256_2014.0,EPISCOPAL COMMUNITY SERVICES,951945256,2014.0,91950,2158,0,40700,0,21298296,289319,0,21630473,332177
951945256_2013.0,EPISCOPAL COMMUNITY SERVICES,951945256,2013.0,0,2552,0,19000,0,19316434,323170,0,19661156,344722
270865318_2021.0,EAST COUNTY TRANSITIONAL LIVING CENTER INC,270865318,2021.0,92021,0,0,0,0,0,4219724,3264414,4219724,4219724
270865318_2020.0,EAST COUNTY TRANSITIONAL LIVING CENTER INC,270865318,2020.0,92021,0,0,0,0,0,3247868,2243641,3247868,3247868
270865318_2019.0,EAST COUNTY TRANSITIONAL LIVING CENTER INC,270865318,2019.0,92021,0,0,0,0,0,1616436,1140751,1616436,1616436
270865318_2018.0,EAST COUNTY TRANSITIONAL LIVING CENTER INC,270865318,2018.0,92021,0,0,0,0,0,2215373,1511646,2215373,2215373
270865318_2017.0,EAST COUNTY TRANSITIONAL LIVING CENTER INC,270865318,2017.0,92021,0,0,0,0,80004,1549664,905744,1629668,1549664
270865318_2016.0,EAST COUNTY TRANSITIONAL LIVING CENTER INC,270865318,2016.0,92021,0,0,0,0,164573,692054,580726,856627,692054
270865318_2015.0,EAST COUNTY TRANSITIONAL LIVING CENTER INC,270865318,2015.0,92021,0,0,0,0,77030,633257,412106,710287,633257
270865318_2014.0,EAST COUNTY TRANSITIONAL LIVING CENTER INC,270865318,2014.0,92021,0,0,0,0,0,205197,75,205197,205197
270865318_2013.0,EAST COUNTY TRANSITIONAL LIVING CENTER INC,270865318,2013.0,0,0,0,0,0,140946,668090,563555,809036,668090
821946283_2021.0,SDHC BUILDING OPPORTUNITIES INC,821946283,2021.0,92101,0,0,0,0,0,353094,0,353094,353094
821946283_2020.0,SDHC BUILDING OPPORTUNITIES INC,821946283,2020.0,92101,0,0,0,0,0,116000,0,116000,116000
821946283_2019.0,SDHC BUILDING OPPORTUNITIES INC,821946283,2019.0,92101,0,0,0,0,0,366114,0,366114,366114
330602842_2021.0,THE ASSOCIATION FOR COMMUNITY HOUSING SOLUTIONS,330602842,2021.0,92123,0,0,0,0,1659718,27280,0,1686998,27280
330602842_2020.0,TACHS,330602842,2020.0,92123,0,0,0,0,1598008,25316,0,1623324,25316
330902617_2021.0,SOLUTIONS FOR CHANGE INC,330902617,2021.0,92083,0,0,344910,0,578971,2752293,20111,3676174,3097203
330902617_2020.0,SOLUTIONS FOR CHANGE INC,330902617,2020.0,92083,0,0,10100,0,398625,2433828,0,2842553,2443928
330902617_2019.0,SOLUTIONS FOR CHANGE INC,330902617,2019.0,92083,0,0,155775,0,75000,1513911,95223,1744686,1669686
330902617_2018.0,SOLUTIONS FOR CHANGE INC,330902617,2018.0,92083,0,0,250677,0,200000,2319654,144589,2770331,2570331
330902617_2017.0,SOLUTIONS FOR CHANGE INC,330902617,2017.0,92083,0,0,33059,0,300000,1503790,0,1836849,1536849
330902617_2016.0,SOLUTIONS FOR CHANGE INC,330902617,2016.0,92083,0,0,163539,0,0,1694851,14192,1858390,1858390
330902617_2015.0,SOLUTIONS FOR CHANGE INC,330902617,2015.0,92083,0,0,649293,0,0,1231933,133368,1881226,1881226
330902617_2014.0,SOLUTIONS FOR CHANGE INC,330902617,2014.0,92083,0,0,737190,0,0,1407551,116236,2144741,2144741
952457354_2021.0,METROPOLITAN AREA ADVISORY COMMITTEE ON ANTIPOVERTY OF SAN DIEGO COUNTY IN,952457354,2021.0,91911,0,0,0,0,44408141,3256460,2136983,47664601,3256460
952457354_2020.0,METROPOLITAN AREA ADVISORY COMMITTEE ON ANTIPOVERTY OF SAN DIEGO COUNTY IN,952457354,2020.0,91911,0,0,0,0,35941636,3522954,2632688,39464590,3522954
952457354_2019.0,METROPOLITAN AREA ADVISORY COMMITTEE ON ANTIPOVERTY OF SAN DIEGO COUNTY IN,952457354,2019.0,91911,0,0,204555,0,35487026,2434789,2298104,38126370,2639344
952457354_2018.0,METROPOLITAN AREA ADVISORY COMMITTEE ON ANTIPOVERTY OF SAN DIEGO COUNTY IN,952457354,2018.0,91911,0,0,35000,0,29811044,2412572,1869374,32258616,2447572
952457354_2017.0,METROPOLITAN AREA ADVISORY COMMITTEE ON ANTIPOVERTY OF SAN DIEGO COUNTY IN,952457354,2017.0,91911,0,0,36800,0,27582015,2269306,2049541,29888121,2306106
952457354_2016.0,METROPOLITAN AREA ADVISORY COMMITTEE ON ANTIPOVERTY OF SAN DIEGO COUNTY IN,952457354,2016.0,91911,0,0,16800,0,28532127,2003551,1738321,30552478,2020351
952457354_2015.0,METROPOLITAN AREA ADVISORY COMMITTEE ON ANTIPOVERTY OF SAN DIEGO COUNTY IN,952457354,2015.0,91911,0,0,125830,0,28333254,925726,893295,29384810,1051556
952457354_2013.0,METROPOLITAN AREA ADVISORY COMMITTEE ON ANTIPOVERTY OF SAN DIEGO COUNTY INC,952457354,2013.0,0,0,0,0,0,0,254541,0,254541,254541
330008269_2021.0,ADJOIN FORMERLY COMMUNITY CATALYSTS OF CA,330008269,2021.0,92123,0,0,0,0,11022640,15265,0,11037905,15265
330008269_2020.0,COMMUNITY CATALYSTS OF CALIFORNIA,330008269,2020.0,92111,0,0,0,0,7508861,136902,0,7645763,136902
330008269_2019.0,COMMUNITY CATALYSTS OF CALIFORNIA,330008269,2019.0,92111,0,0,0,0,4315826,18835,0,4334661,18835
330008269_2018.0,COMMUNITY CATALYSTS OF CALIFORNIA,330008269,2018.0,92111,0,0,0,0,4486116,15457,0,4501573,15457
330008269_2017.0,COMMUNITY CATALYSTS OF CALIFORNIA,330008269,2017.0,92111,0,0,0,0,4079963,13450,0,4093413,13450
330008269_2016.0,COMMUNITY CATALYSTS OF CALIFORNIA,330008269,2016.0,92111,0,0,0,0,4117430,14732,0,4132162,14732
330008269_2015.0,COMMUNITY CATALYSTS OF CALIFORNIA,330008269,2015.0,92111,0,0,0,0,2577779,15146,0,2592925,15146
330008269_2014.0,COMMUNITY CATALYSTS OF CALIFORNIA,330008269,2014.0,92111,0,0,0,0,2111479,23405,0,2134884,23405
330008269_2013.0,COMMUNITY CATALYSTS OF CALIFORNIA,330008269,2013.0,0,0,0,0,0,1057513,29269,0,1086782,29269
953031682_2020.0,ABLEDISABLED ADVOCACY INC,953031682,2020.0,92105,0,0,0,0,1945475,284250,220883,2229725,284250
953031682_2019.0,ABLEDISABLED ADVOCACY INC,953031682,2019.0,92105,0,0,0,0,2019536,488151,404620,2507687,488151
953031682_2018.0,ABLEDISABLED ADVOCACY INC,953031682,2018.0,92105,0,0,0,0,1962090,377739,237256,2339829,377739
953031682_2017.0,ABLEDISABLED ADVOCACY INC,953031682,2017.0,92105,0,0,0,0,1996303,141338,49843,2137641,141338
953031682_2016.0,ABLEDISABLED ADVOCACY INC,953031682,2016.0,92105,0,0,0,0,0,2076118,0,2076118,2076118
953031682_2015.0,ABLEDISABLED ADVOCACY INC,953031682,2015.0,92105,0,0,0,0,1677760,16974,0,1694734,16974
953031682_2014.0,ABLEDISABLED ADVOCACY INC,953031682,2014.0,92105,0,0,0,0,1698955,350076,0,2049031,350076
953031682_2013.0,ABLEDISABLED ADVOCACY INC,953031682,2013.0,0,0,0,0,0,1662856,304412,0,1967268,304412
237161267_2021.0,SOUTHERN CALIFORNIA TRIBAL CHAIRMENS ASSOCIATION,237161267,2021.0,92082,0,0,0,0,19481149,5513833,142150,24994982,5513833
237161267_2020.0,SOUTHERN CALIFORNIA TRIBAL CHAIRMENS ASSOCIATION,237161267,2020.0,92082,0,0,0,0,15254349,4040759,83169,19295108,4040759
237161267_2019.0,SOUTHERN CALIFORNIA TRIBAL CHAIRMENS ASSOCIATION,237161267,2019.0,92082,0,0,0,0,16187588,3801316,109457,19988904,3801316
237161267_2018.0,SOUTHERN CALIFORNIA TRIBAL CHAIRMENS ASSOCIATION,237161267,2018.0,92082,0,0,0,0,15031002,3433623,159069,18464625,3433623
237161267_2017.0,SOUTHERN CALIFORNIA TRIBAL CHAIRMENS ASSOCIATION,237161267,2017.0,92082,0,0,0,0,14642740,3301262,142164,17944002,3301262
237161267_2016.0,SOUTHERN CALIFORNIA TRIBAL CHAIRMENS ASSOCIATION,237161267,2016.0,92082,0,0,0,0,14998644,2860730,138656,17859374,2860730
237161267_2015.0,SOUTHERN CALIFORNIA TRIBAL CHAIRMENS ASSOCIATION,237161267,2015.0,92082,0,0,0,0,15121712,2746407,137017,17868119,2746407
237161267_2014.0,SOUTHERN CALIFORNIA TRIBAL CHAIRMENS ASSOCIATION,237161267,2014.0,92082,0,0,0,0,14582040,2690773,136381,17272813,2690773
237161267_2013.0,SOUTHERN CALIFORNIA TRIBAL CHAIRMENS ASSOCIATION,237161267,2013.0,0,0,0,0,0,14784217,2782242,136516,17566459,2782242
330497515_2021.0,LAS PALMAS FOUNDATION,330497515,2021.0,92024,0,0,0,0,0,0,0,0,0
330497515_2020.0,LAS PALMAS FOUNDATION,330497515,2020.0,92024,0,0,0,0,0,0,0,0,0
330497515_2019.0,LAS PALMAS FOUNDATION,330497515,2019.0,92024,0,0,0,0,0,600,0,600,600
330497515_2018.0,LAS PALMAS FOUNDATION,330497515,2018.0,92024,0,0,0,0,0,300,0,300,300
330497515_2017.0,LAS PALMAS FOUNDATION,330497515,2017.0,92024,0,0,0,0,0,550,0,550,550
330497515_2016.0,LAS PALMAS FOUNDATION,330497515,2016.0,92024,0,0,0,0,0,0,0,0,0
330497515_2015.0,LAS PALMAS FOUNDATION,330497515,2015.0,92024,0,0,0,0,149000,0,0,149000,0
330497515_2014.0,LAS PALMAS FOUNDATION,330497515,2014.0,92024,0,0,0,0,47171,0,0,47171,0
330497515_2013.0,LAS PALMAS FOUNDATION,330497515,2013.0,0,0,0,0,0,357902,0,0,357902,0
953750738_2020.0,CALEXICO PLAZA DEVELOPMENT CORP,953750738,2020.0,92127,0,0,0,0,0,0,0,0,0
953750738_2019.0,CALEXICO PLAZA DEVELOPMENT CORP,953750738,2019.0,92127,0,0,0,0,0,0,0,0,0
953750738_2018.0,CALEXICO PLAZA DEVELOPMENT CORP,953750738,2018.0,92127,0,0,0,0,54330,0,0,54330,0
953750738_2017.0,CALEXICO PLAZA DEVELOPMENT CORP,953750738,2017.0,92127,0,0,0,0,56517,0,0,56517,0
953750738_2016.0,CALEXICO PLAZA DEVELOPMENT CORP,953750738,2016.0,92127,0,0,0,0,55911,0,0,55911,0
953750738_2015.0,CALEXICO PLAZA DEVELOPMENT CORP,953750738,2015.0,92127,0,0,0,0,56788,0,0,56788,0
953750738_2014.0,CALEXICO PLAZA DEVELOPMENT CORP,953750738,2014.0,92127,0,0,0,0,55336,0,0,55336,0
953798088_2021.0,GUADALUPE PLAZA DEVELOPMENT CORPORATION,953798088,2021.0,92127,0,0,0,0,21822,0,0,21822,0
953798088_2020.0,GUADALUPE PLAZA DEVELOPMENT CORPORATION,953798088,2020.0,92127,0,0,0,0,46247,0,0,46247,0
953798088_2019.0,GUADALUPE PLAZA DEVELOPMENT CORPORATION,953798088,2019.0,92127,0,0,0,0,60562,0,0,60562,0
953798088_2018.0,GUADALUPE PLAZA DEVELOPMENT CORPORATION,953798088,2018.0,92127,0,0,0,0,77704,0,0,77704,0
953798088_2017.0,GUADALUPE PLAZA DEVELOPMENT CORPORATION,953798088,2017.0,92127,0,0,0,0,64454,0,0,64454,0
953798088_2016.0,GUADALUPE PLAZA DEVELOPMENT CORPORATION,953798088,2016.0,92127,0,0,0,0,61998,0,0,61998,0
953798088_2015.0,GUADALUPE PLAZA DEVELOPMENT CORPORATION,953798088,2015.0,92127,0,0,0,0,72019,0,0,72019,0
952111196_2020.0,ST PAULS EPISCOPAL HOME INC,952111196,2020.0,92103,0,0,0,460593,1014136,2605006,15000,4079735,3065599
952111196_2019.0,ST PAULS EPISCOPAL HOME INC,952111196,2019.0,92103,0,0,0,120352,2116459,937706,0,3174517,1058058
952111196_2018.0,ST PAULS EPISCOPAL HOME INC,952111196,2018.0,92103,0,0,0,175050,5330,1620000,0,1800380,1795050
952111196_2017.0,ST PAULS EPISCOPAL HOME INC,952111196,2017.0,92103,0,0,0,277177,0,263586,0,540763,540763
952111196_2016.0,ST PAULS EPISCOPAL HOME INC,952111196,2016.0,92103,0,0,0,1683986,0,1718750,0,3402736,3402736
952111196_2014.0,ST PAULS EPISCOPAL HOME INC,952111196,2014.0,921036522,0,0,0,503809,83178,0,0,586987,503809
952111196_2013.0,ST PAULS EPISCOPAL HOME INC,952111196,2013.0,0,0,0,0,0,0,2001843,0,2001843,2001843
952949636_2020.0,CATHEDRAL PLAZA DEVELOPMENT CORP CO ROYAL PROPERTY MGMT GROUP INC,952949636,2020.0,92127,0,0,0,0,0,158572,0,158572,158572
952949636_2019.0,CATHEDRAL PLAZA DEVELOPMENT CORP CO ROYAL PROPERTY MGMT GROUP INC,952949636,2019.0,92127,0,0,0,0,132432,0,0,132432,0
952949636_2018.0,CATHEDRAL PLAZA DEVELOPMENT CORP CO ROYAL PROPERTY MGMT GROUP INC,952949636,2018.0,92127,0,0,0,0,161530,0,0,161530,0
952949636_2017.0,CATHEDRAL PLAZA DEVELOPMENT CORP CO ROYAL PROPERTY MGMT GROUP INC,952949636,2017.0,92127,0,0,0,0,139382,0,0,139382,0
952949636_2016.0,CATHEDRAL PLAZA DEVELOPMENT CORP CO ROYAL PROPERTY MGMT GROUP INC,952949636,2016.0,92127,0,0,0,0,141447,0,0,141447,0
952949636_2015.0,CATHEDRAL PLAZA DEVELOPMENT CORP CO ROYAL PROPERTY MGMT GROUP INC,952949636,2015.0,92127,0,0,0,0,320264,0,0,320264,0
952949636_2014.0,CATHEDRAL PLAZA DEVELOPMENT CORP CO ROYAL PROPERTY MGMT GROUP INC,952949636,2014.0,92127,0,0,0,0,433182,0,0,433182,0
330618893_2018.0,ESCONDIDO GARDENS HOUSING FOUNDATION,330618893,2018.0,92127,0,0,0,0,59823,0,0,59823,0
330618893_2017.0,ESCONDIDO GARDENS HOUSING FOUNDATION,330618893,2017.0,92127,0,0,0,0,59524,0,0,59524,0
330618893_2016.0,ESCONDIDO GARDENS HOUSING FOUNDATION,330618893,2016.0,92127,0,0,0,0,58030,0,0,58030,0
330618893_2015.0,ESCONDIDO GARDENS HOUSING FOUNDATION,330618893,2015.0,92127,0,0,0,0,56783,0,0,56783,0
330618893_2014.0,ESCONDIDO GARDENS HOUSING FOUNDATION,330618893,2014.0,92127,0,0,0,0,55753,0,0,55753,0
953782164_2020.0,SOUTHERN INDIAN HEALTH COUNCIL,953782164,2020.0,91901,0,0,0,0,19406720,120824,59013,19527544,120824
953782164_2019.0,SOUTHERN INDIAN HEALTH COUNCIL,953782164,2019.0,91901,0,0,0,0,15329504,54763,54763,15384267,54763
953782164_2018.0,SOUTHERN INDIAN HEALTH COUNCIL,953782164,2018.0,91901,0,0,0,0,12821614,171201,44396,12992815,171201
953782164_2017.0,SOUTHERN INDIAN HEALTH COUNCIL,953782164,2017.0,91901,0,0,0,0,12039956,227741,42532,12267697,227741
953782164_2016.0,SOUTHERN INDIAN HEALTH COUNCIL,953782164,2016.0,91901,0,0,0,0,11237004,378725,39036,11615729,378725
953782164_2015.0,SOUTHERN INDIAN HEALTH COUNCIL,953782164,2015.0,91901,0,0,0,0,10326684,926092,96307,11252776,926092
953782164_2014.0,SOUTHERN INDIAN HEALTH COUNCIL INC,953782164,2014.0,91901,0,0,0,0,10459020,638433,123626,11097453,638433
953782164_2013.0,SOUTHERN INDIAN HEALTH COUNCIL INC,953782164,2013.0,0,0,0,0,0,9395777,145941,97417,9541718,145941
273390797_2020.0,SOMALI BANTU ASSOCIATION OF AMERICA,273390797,2020.0,92105,0,0,0,0,293380,374295,5000,667675,374295
273390797_2019.0,SOMALI BANTU ASSOCIATION OF AMERICA,273390797,2019.0,92105,0,0,0,0,402438,233989,463,636427,233989
273390797_2018.0,SOMALI BANTU ASSOCIATION OF AMERICA,273390797,2018.0,92105,0,0,0,0,252176,221576,1000,473752,221576
273390797_2017.0,SOMALI BANTU ASSOCIATION OF AMERICA,273390797,2017.0,92105,0,0,0,0,0,393129,15488,393129,393129
931008369_2021.0,ALLIANCE FOR AFRICAN ASSISTANCE,931008369,2021.0,92115,0,0,0,0,0,695967,18000,695967,695967
931008369_2020.0,ALLIANCE FOR AFRICAN ASSISTANCE,931008369,2020.0,92115,0,0,0,0,175000,127017,0,302017,127017
931008369_2019.0,ALLIANCE FOR AFRICAN ASSISTANCE,931008369,2019.0,92115,0,0,42454,0,0,101691,0,144145,144145
931008369_2018.0,ALLIANCE FOR AFRICAN ASSISTANCE,931008369,2018.0,92115,0,0,0,0,0,145494,0,145494,145494
931008369_2017.0,ALLIANCE FOR AFRICAN ASSISTANCE,931008369,2017.0,92115,0,0,6304,0,0,82574,0,88878,88878
931008369_2016.0,ALLIANCE FOR AFRICAN ASSISTANCE,931008369,2016.0,92115,0,0,0,0,0,116000,0,116000,116000
931008369_2015.0,ALLIANCE FOR AFRICAN ASSISTANCE,931008369,2015.0,92115,0,0,0,0,0,79620,0,79620,79620
952213995_2021.0,UNITED WAY OF SAN DIEGO COUNTY,952213995,2021.0,92123,4791394,0,0,0,1368458,899021,0,7058873,5690415
952213995_2020.0,UNITED WAY OF SAN DIEGO COUNTY,952213995,2020.0,92123,5536302,0,108400,0,1403862,742336,0,7790900,6387038
952213995_2019.0,UNITED WAY OF SAN DIEGO COUNTY,952213995,2019.0,92123,6556292,0,0,0,2803722,1812137,7360,11172151,8368429
952213995_2018.0,UNITED WAY OF SAN DIEGO COUNTY,952213995,2018.0,92123,7049076,0,70375,0,509810,663710,0,8292971,7783161
952213995_2017.0,UNITED WAY OF SAN DIEGO COUNTY,952213995,2017.0,92123,7976397,0,0,0,79332,453929,143347,8509658,8430326
952213995_2016.0,UNITED WAY OF SAN DIEGO COUNTY,952213995,2016.0,92123,11952024,0,107258,0,913342,918225,1833,13890849,12977507
952213995_2015.0,UNITED WAY OF SAN DIEGO COUNTY,952213995,2015.0,92123,13299476,0,37500,0,901775,754543,10000,14993294,14091519
952213995_2014.0,UNITED WAY OF SAN DIEGO COUNTY,952213995,2014.0,92123,14528801,0,19500,0,69775,756087,5761,15374163,15304388
952213995_2013.0,UNITED WAY OF SAN DIEGO COUNTY,952213995,2013.0,0,14649278,0,17000,0,57024,2012161,23815,16735463,16678439
562613191_2021.0,STRONG HEARTED NATIVE WOMENS COALITION INC,562613191,2021.0,92082,0,0,0,0,1434028,236674,0,1670702,236674
562613191_2020.0,STRONG HEARTED NATIVE WOMENS COALITION INC,562613191,2020.0,92082,0,0,0,0,1025846,45625,0,1071471,45625
562613191_2019.0,STRONG HEARTED NATIVE WOMENS COALITION INC,562613191,2019.0,92082,0,0,0,0,921567,26017,0,947584,26017
562613191_2018.0,STRONG HEARTED NATIVE WOMENS COALITION INC,562613191,2018.0,92082,0,0,0,0,876189,3574,0,879763,3574
562613191_2017.0,STRONG HEARTED NATIVE WOMENS COALITION INC,562613191,2017.0,92082,0,0,0,0,799422,7109,0,806531,7109
952422704_2021.0,ACCESS INC,952422704,2021.0,92111,0,0,0,0,2333269,400608,0,2733877,400608
952422704_2020.0,ACCESS INC,952422704,2020.0,92111,0,0,0,0,2479269,346767,0,2826036,346767
952422704_2019.0,ACCESS,952422704,2019.0,92111,0,0,0,0,3237974,54220,0,3292194,54220
952422704_2018.0,ACCESS INC,952422704,2018.0,92111,0,0,0,0,3128388,155665,0,3284053,155665
952422704_2017.0,ACCESS INC,952422704,2017.0,92111,0,0,0,0,2983795,229551,0,3213346,229551
952422704_2016.0,ACCESS INC,952422704,2016.0,92111,0,0,0,0,3075472,205477,0,3280949,205477
952422704_2015.0,ACCESS INC,952422704,2015.0,92111,0,0,0,0,2146844,142987,0,2289831,142987
952422704_2014.0,ACCESS INC,952422704,2014.0,92111,0,0,0,0,1945811,158587,0,2104398,158587
952422704_2013.0,ACCESS INC,952422704,2013.0,0,0,0,0,0,1846857,11901,0,1858758,11901
941676390_2021.0,CALIFORNIA INDIAN LEGAL SERVICES INC,941676390,2021.0,95814,0,0,0,0,2186940,161051,0,2347991,161051
941676390_2020.0,CALIFORNIA INDIAN LEGAL SERVICES INC,941676390,2020.0,92025,0,0,0,0,2026456,18802,0,2045258,18802
330122462_2021.0,NAMI SAN DIEGO,330122462,2021.0,92123,0,0,256845,0,6911240,1564509,1248249,8732594,1821354
330122462_2020.0,NAMI SAN DIEGO,330122462,2020.0,92123,0,0,162038,0,6535082,439141,0,7136261,601179
330122462_2019.0,NAMI SAN DIEGO,330122462,2019.0,92123,0,0,160382,0,5532949,329605,2415,6022936,489987
330122462_2018.0,NAMI SAN DIEGO,330122462,2018.0,92123,0,0,181702,0,5115093,139806,18300,5436601,321508
330122462_2017.0,NAMI SAN DIEGO,330122462,2017.0,92123,0,0,142728,0,5085050,133191,0,5360969,275919
330122462_2016.0,NAMI SAN DIEGO,330122462,2016.0,92123,0,1702,17201,0,5311923,134460,0,5465286,153363
330122462_2015.0,NAMI SAN DIEGO,330122462,2015.0,92123,0,760,17785,0,4623871,255358,0,4897774,273903
330122462_2014.0,NAMI SAN DIEGO,330122462,2014.0,92123,0,1618,136342,0,3196819,71894,0,3406673,209854
330122462_2013.0,NAMI SAN DIEGO,330122462,2013.0,0,0,1881,153276,0,2117637,59229,0,2332023,214386
270447059_2021.0,DREAMS FOR CHANGE INC,270447059,2021.0,92176,0,0,0,0,845519,229074,0,1074593,229074
270447059_2020.0,DREAMS FOR CHANGE INC,270447059,2020.0,92176,0,0,0,0,717584,434903,0,1152487,434903
270447059_2019.0,DREAMS FOR CHANGE,270447059,2019.0,92176,0,0,0,0,600504,421536,0,1022040,421536
270447059_2018.0,DREAMS FOR CHANGE,270447059,2018.0,92176,0,0,0,0,345041,492397,0,837438,492397
270447059_2017.0,DREAMS FOR CHANGE,270447059,2017.0,92176,0,0,0,0,13723,589875,0,603598,589875
270447059_2016.0,DREAMS FOR CHANGE,270447059,2016.0,92176,0,0,0,0,0,367905,0,367905,367905
270447059_2015.0,DREAMS FOR CHANGE,270447059,2015.0,92176,0,0,0,0,0,363988,0,363988,363988
270447059_2014.0,DREAMS FOR CHANGE,270447059,2014.0,92176,0,0,0,0,0,206298,0,206298,206298
270447059_2013.0,DREAMS FOR CHANGE,270447059,2013.0,0,0,0,0,0,23051,82706,0,105757,82706
330210280_2022.0,UPLIFT,330210280,2022.0,92102,0,0,215764,0,0,225374,0,441138,441138
330210280_2021.0,UPLIFT,330210280,2021.0,92102,0,0,53708,0,0,192522,30000,246230,246230
330210280_2019.0,UPLIFT,330210280,2019.0,92102,0,0,52847,0,0,188329,0,241176,241176
822363154_2021.0,VOICES OF OUR CITY CHOIR INC,822363154,2021.0,92112,0,0,0,0,98522,524278,17583,622800,524278
822363154_2020.0,VOICES OF OUR CITY CHOIR INC,822363154,2020.0,92112,0,0,0,0,70500,330590,0,401090,330590
822363154_2019.0,VOICES OF OUR CITY CHOIR INC,822363154,2019.0,92112,0,0,0,0,0,237154,0,237154,237154
953138268_2021.0,HOME START INC,953138268,2021.0,92108,0,0,96200,0,9547671,2417336,49427,12061207,2513536
953138268_2020.0,HOME START INC,953138268,2020.0,92108,0,0,148040,0,9010990,1979791,53907,11138821,2127831
953138268_2019.0,HOME START INC,953138268,2019.0,92108,0,0,116759,0,6289693,1628594,110061,8035046,1745353
953138268_2018.0,HOME START INC,953138268,2018.0,92108,0,0,157560,0,4585241,734168,91413,5476969,891728
953138268_2017.0,HOME START INC,953138268,2017.0,92108,0,0,128764,0,4647050,915600,470035,5691414,1044364
953138268_2016.0,HOME START INC,953138268,2016.0,92108,0,0,124963,0,4427963,1709373,529998,6262299,1834336
953138268_2015.0,HOME START INC,953138268,2015.0,92108,0,0,60824,0,4395128,2181271,650718,6637223,2242095
953138268_2014.0,HOME START INC,953138268,2014.0,92108,0,0,0,0,3856122,2530596,504545,6386718,2530596
953950196_2021.0,PATH,953950196,2021.0,90004,0,0,2021876,0,102856183,12424824,3290463,117302883,14446700
953950196_2020.0,PATH,953950196,2020.0,90004,0,0,2014718,0,90762040,8823906,2984796,101600664,10838624
953950196_2019.0,PEOPLE ASSISTING THE HOMELESS PATH,953950196,2019.0,90004,0,0,1396211,0,65986770,8928718,2559870,76311699,10324929
953950196_2018.0,PATH PEOPLE ASSISTING THE HOMELESS,953950196,2018.0,90004,0,0,1610529,0,31146536,6280302,2590243,39037367,7890831
953950196_2017.0,PEOPLE ASSISTING THE HOMELESS PATH,953950196,2017.0,90004,0,0,1365374,0,27838533,6808261,0,36012168,8173635
953950196_2016.0,PEOPLE ASSISTING THE HOMELESS PATH,953950196,2016.0,90004,0,0,814730,0,24298231,5011062,0,30124023,5825792
953950196_2015.0,PEOPLE ASSISTING THE HOMELESS PATH,953950196,2015.0,90004,0,0,1093424,0,24266426,8493506,0,33853356,9586930
953950196_2014.0,PEOPLE ASSISTING THE HOMELESS PATH,953950196,2014.0,90004,0,0,797711,0,15034116,6112616,0,21944443,6910327
953950196_2013.0,PEOPLE ASSISTING THE HOMELESS PATH,953950196,2013.0,0,0,0,890986,0,10971394,3267436,0,15129816,4158422
952877102_2021.0,OLIVE CREST,952877102,2021.0,92705,0,0,1748370,0,30839048,10756763,1593022,43344181,12505133
952877102_2020.0,OLIVE CREST,952877102,2020.0,92705,0,0,1059264,0,23230878,7369758,1305317,31659900,8429022
952877102_2019.0,OLIVE CREST,952877102,2019.0,92705,0,0,869676,0,24484051,6938204,1041307,32291931,7807880
952877102_2018.0,OLIVE CREST,952877102,2018.0,92705,4000,0,678924,0,23349562,7598041,1550404,31630527,8280965
952877102_2017.0,OLIVE CREST,952877102,2017.0,92705,96,0,605500,0,16321385,7943754,1400071,24870735,8549350
952877102_2016.0,OLIVE CREST,952877102,2016.0,92705,10864,0,966205,0,15660595,4203032,1888999,20840696,5180101
952877102_2015.0,OLIVE CREST,952877102,2015.0,92705,17333,0,797844,0,15325148,5054602,1772273,21194927,5869779
952877102_2014.0,OLIVE CREST,952877102,2014.0,92705,67625,0,1129690,0,16073654,3965729,2100567,21236698,5163044
952877102_2013.0,OLIVE CREST,952877102,2013.0,0,76600,0,383135,0,15050240,3736113,1293855,19246088,4195848
330553621_2021.0,THE SALVATION ARMY SAN DIEGO RESIDENCES INC,330553621,2021.0,90275,0,0,0,0,754793,0,0,754793,0
330553621_2020.0,THE SALVATION ARMY SAN DIEGO RESIDENCES INC,330553621,2020.0,90275,0,0,0,0,784501,0,0,784501,0
330553621_2019.0,THE SALVATION ARMY SAN DIEGO RESIDENCES INC,330553621,2019.0,90275,0,0,0,0,786788,0,0,786788,0
330553621_2018.0,THE SALVATION ARMY SAN DIEGO RESIDENCES INC,330553621,2018.0,90275,0,0,0,0,745913,0,0,745913,0
330553621_2017.0,THE SALVATION ARMY SAN DIEGO RESIDENCES INC,330553621,2017.0,90275,0,0,0,0,712870,0,0,712870,0
330553621_2016.0,THE SALVATION ARMY SAN DIEGO RESIDENCES INC,330553621,2016.0,90802,0,0,0,0,665873,0,0,665873,0
330553621_2015.0,THE SALVATION ARMY SAN DIEGO RESIDENCES INC,330553621,2015.0,90802,0,0,0,0,621388,0,0,621388,0
571162424_2021.0,KINGDOM CAUSES INC CITY NET BEDROCK CREEK,571162424,2021.0,90807,89250,0,0,0,429733,790394,27870,1309377,879644
571162424_2020.0,KINGDOM CAUSES INC CITY NET BEDROCK CREEK,571162424,2020.0,90807,9965,0,0,0,0,487546,139062,497511,497511
571162424_2019.0,KINGDOM CAUSES INC,571162424,2019.0,90807,39087,0,0,0,0,1035566,952925,1074653,1074653
571162424_2018.0,KINGDOM CAUSES INC DBA CITY NET BEDROCK CREEK,571162424,2018.0,90807,0,0,0,0,0,113906,0,113906,113906
571162424_2017.0,KINGDOM CAUSES INC DBA CITY NET BEDROCK CREEK,571162424,2017.0,90809,0,0,0,0,22500,172350,0,194850,172350
571162424_2016.0,KINGDOM CAUSES INC DBA CITY NET BEDROCK CREEK,571162424,2016.0,90809,0,0,0,0,45928,100072,0,146000,100072
571162424_2015.0,KINGDOM CAUSES INC DBA CITY NET BEDROCK CREEK,571162424,2015.0,90809,0,0,0,0,57119,177099,0,234218,177099
571162424_2014.0,KINGDOM CAUSES INC DBA CITY NET BEDROCK CREEK,571162424,2014.0,90809,0,0,0,10335,269904,449840,0,730079,460175
571162424_2013.0,KINGDOM CAUSES INC DBA CITY NET BEDROCK CREEK,571162424,2013.0,0,0,0,0,18375,106888,274500,0,399763,292875
331029843_2021.0,INFO LINE OF SAN DIEGO COUNTY,331029843,2021.0,92142,0,0,344110,0,0,813456,0,1157566,1157566
331029843_2020.0,INFO LINE OF SAN DIEGO COUNTY,331029843,2020.0,92142,179534,0,457183,0,0,402785,0,1039502,1039502
331029843_2019.0,INFO LINE OF SAN DIEGO COUNTY,331029843,2019.0,92142,67806,0,167628,0,0,585432,0,820866,820866
